ISO-10303-21;
HEADER;
/* Generated by software containing ST-Developer
 * from STEP Tools, Inc. (www.steptools.com) 
 */

FILE_DESCRIPTION(
/* description */ (''),
/* implementation_level */ '2;1');

FILE_NAME(
/* name */ 'AMount-TwoPiece.step',
/* time_stamp */ '2025-11-21T10:36:26+11:00',
/* author */ (''),
/* organization */ (''),
/* preprocessor_version */ 'ST-DEVELOPER v20.1',
/* originating_system */ 'Autodesk Translation Framework v14.21.0.0',
/* authorisation */ '');

FILE_SCHEMA (('AUTOMOTIVE_DESIGN { 1 0 10303 214 3 1 1 }'));
ENDSEC;

DATA;
#10=MECHANICAL_DESIGN_GEOMETRIC_PRESENTATION_REPRESENTATION('',(#17,#18),
#2590);
#11=SHAPE_REPRESENTATION_RELATIONSHIP('SRR','None',#2597,#12);
#12=ADVANCED_BREP_SHAPE_REPRESENTATION('',(#19,#20),#2589);
#13=CONICAL_SURFACE('',#1701,1.4,0.0349065850398866);
#14=CONICAL_SURFACE('',#1704,1.4,0.0349065850398866);
#15=CONICAL_SURFACE('',#1707,1.4,0.0349065850398866);
#16=CONICAL_SURFACE('',#1710,1.4,0.0349065850398866);
#17=STYLED_ITEM('',(#2606),#19);
#18=STYLED_ITEM('',(#2606),#20);
#19=MANIFOLD_SOLID_BREP('Body3',#1577);
#20=MANIFOLD_SOLID_BREP('Body4',#1578);
#21=FACE_BOUND('',#191,.T.);
#22=FACE_BOUND('',#194,.T.);
#23=FACE_BOUND('',#197,.T.);
#24=FACE_BOUND('',#200,.T.);
#25=FACE_BOUND('',#204,.T.);
#26=FACE_BOUND('',#205,.T.);
#27=FACE_BOUND('',#206,.T.);
#28=FACE_BOUND('',#207,.T.);
#29=FACE_BOUND('',#208,.T.);
#30=FACE_BOUND('',#257,.T.);
#31=FACE_BOUND('',#258,.T.);
#32=FACE_BOUND('',#259,.T.);
#33=FACE_BOUND('',#260,.T.);
#34=FACE_BOUND('',#261,.T.);
#35=FACE_BOUND('',#265,.T.);
#36=FACE_BOUND('',#266,.T.);
#37=FACE_BOUND('',#267,.T.);
#38=FACE_BOUND('',#268,.T.);
#39=FACE_BOUND('',#269,.T.);
#40=FACE_BOUND('',#292,.T.);
#41=PLANE('',#1595);
#42=PLANE('',#1600);
#43=PLANE('',#1605);
#44=PLANE('',#1610);
#45=PLANE('',#1615);
#46=PLANE('',#1616);
#47=PLANE('',#1620);
#48=PLANE('',#1621);
#49=PLANE('',#1622);
#50=PLANE('',#1623);
#51=PLANE('',#1624);
#52=PLANE('',#1625);
#53=PLANE('',#1626);
#54=PLANE('',#1627);
#55=PLANE('',#1628);
#56=PLANE('',#1629);
#57=PLANE('',#1630);
#58=PLANE('',#1631);
#59=PLANE('',#1632);
#60=PLANE('',#1633);
#61=PLANE('',#1634);
#62=PLANE('',#1635);
#63=PLANE('',#1636);
#64=PLANE('',#1637);
#65=PLANE('',#1638);
#66=PLANE('',#1639);
#67=PLANE('',#1640);
#68=PLANE('',#1641);
#69=PLANE('',#1642);
#70=PLANE('',#1643);
#71=PLANE('',#1644);
#72=PLANE('',#1653);
#73=PLANE('',#1654);
#74=PLANE('',#1655);
#75=PLANE('',#1656);
#76=PLANE('',#1657);
#77=PLANE('',#1658);
#78=PLANE('',#1659);
#79=PLANE('',#1660);
#80=PLANE('',#1661);
#81=PLANE('',#1662);
#82=PLANE('',#1663);
#83=PLANE('',#1664);
#84=PLANE('',#1665);
#85=PLANE('',#1666);
#86=PLANE('',#1667);
#87=PLANE('',#1668);
#88=PLANE('',#1669);
#89=PLANE('',#1670);
#90=PLANE('',#1671);
#91=PLANE('',#1672);
#92=PLANE('',#1673);
#93=PLANE('',#1686);
#94=PLANE('',#1691);
#95=PLANE('',#1694);
#96=PLANE('',#1697);
#97=PLANE('',#1700);
#98=PLANE('',#1703);
#99=PLANE('',#1706);
#100=PLANE('',#1709);
#101=PLANE('',#1712);
#102=PLANE('',#1713);
#103=PLANE('',#1714);
#104=PLANE('',#1715);
#105=FACE_OUTER_BOUND('',#189,.T.);
#106=FACE_OUTER_BOUND('',#190,.T.);
#107=FACE_OUTER_BOUND('',#192,.T.);
#108=FACE_OUTER_BOUND('',#193,.T.);
#109=FACE_OUTER_BOUND('',#195,.T.);
#110=FACE_OUTER_BOUND('',#196,.T.);
#111=FACE_OUTER_BOUND('',#198,.T.);
#112=FACE_OUTER_BOUND('',#199,.T.);
#113=FACE_OUTER_BOUND('',#201,.T.);
#114=FACE_OUTER_BOUND('',#202,.T.);
#115=FACE_OUTER_BOUND('',#203,.T.);
#116=FACE_OUTER_BOUND('',#209,.T.);
#117=FACE_OUTER_BOUND('',#210,.T.);
#118=FACE_OUTER_BOUND('',#211,.T.);
#119=FACE_OUTER_BOUND('',#212,.T.);
#120=FACE_OUTER_BOUND('',#213,.T.);
#121=FACE_OUTER_BOUND('',#214,.T.);
#122=FACE_OUTER_BOUND('',#215,.T.);
#123=FACE_OUTER_BOUND('',#216,.T.);
#124=FACE_OUTER_BOUND('',#217,.T.);
#125=FACE_OUTER_BOUND('',#218,.T.);
#126=FACE_OUTER_BOUND('',#219,.T.);
#127=FACE_OUTER_BOUND('',#220,.T.);
#128=FACE_OUTER_BOUND('',#221,.T.);
#129=FACE_OUTER_BOUND('',#222,.T.);
#130=FACE_OUTER_BOUND('',#223,.T.);
#131=FACE_OUTER_BOUND('',#224,.T.);
#132=FACE_OUTER_BOUND('',#225,.T.);
#133=FACE_OUTER_BOUND('',#226,.T.);
#134=FACE_OUTER_BOUND('',#227,.T.);
#135=FACE_OUTER_BOUND('',#228,.T.);
#136=FACE_OUTER_BOUND('',#229,.T.);
#137=FACE_OUTER_BOUND('',#230,.T.);
#138=FACE_OUTER_BOUND('',#231,.T.);
#139=FACE_OUTER_BOUND('',#232,.T.);
#140=FACE_OUTER_BOUND('',#233,.T.);
#141=FACE_OUTER_BOUND('',#234,.T.);
#142=FACE_OUTER_BOUND('',#235,.T.);
#143=FACE_OUTER_BOUND('',#236,.T.);
#144=FACE_OUTER_BOUND('',#237,.T.);
#145=FACE_OUTER_BOUND('',#238,.T.);
#146=FACE_OUTER_BOUND('',#239,.T.);
#147=FACE_OUTER_BOUND('',#240,.T.);
#148=FACE_OUTER_BOUND('',#241,.T.);
#149=FACE_OUTER_BOUND('',#242,.T.);
#150=FACE_OUTER_BOUND('',#243,.T.);
#151=FACE_OUTER_BOUND('',#244,.T.);
#152=FACE_OUTER_BOUND('',#245,.T.);
#153=FACE_OUTER_BOUND('',#246,.T.);
#154=FACE_OUTER_BOUND('',#247,.T.);
#155=FACE_OUTER_BOUND('',#248,.T.);
#156=FACE_OUTER_BOUND('',#249,.T.);
#157=FACE_OUTER_BOUND('',#250,.T.);
#158=FACE_OUTER_BOUND('',#251,.T.);
#159=FACE_OUTER_BOUND('',#252,.T.);
#160=FACE_OUTER_BOUND('',#253,.T.);
#161=FACE_OUTER_BOUND('',#254,.T.);
#162=FACE_OUTER_BOUND('',#255,.T.);
#163=FACE_OUTER_BOUND('',#256,.T.);
#164=FACE_OUTER_BOUND('',#262,.T.);
#165=FACE_OUTER_BOUND('',#263,.T.);
#166=FACE_OUTER_BOUND('',#264,.T.);
#167=FACE_OUTER_BOUND('',#270,.T.);
#168=FACE_OUTER_BOUND('',#271,.T.);
#169=FACE_OUTER_BOUND('',#272,.T.);
#170=FACE_OUTER_BOUND('',#273,.T.);
#171=FACE_OUTER_BOUND('',#274,.T.);
#172=FACE_OUTER_BOUND('',#275,.T.);
#173=FACE_OUTER_BOUND('',#276,.T.);
#174=FACE_OUTER_BOUND('',#277,.T.);
#175=FACE_OUTER_BOUND('',#278,.T.);
#176=FACE_OUTER_BOUND('',#279,.T.);
#177=FACE_OUTER_BOUND('',#280,.T.);
#178=FACE_OUTER_BOUND('',#281,.T.);
#179=FACE_OUTER_BOUND('',#282,.T.);
#180=FACE_OUTER_BOUND('',#283,.T.);
#181=FACE_OUTER_BOUND('',#284,.T.);
#182=FACE_OUTER_BOUND('',#285,.T.);
#183=FACE_OUTER_BOUND('',#286,.T.);
#184=FACE_OUTER_BOUND('',#287,.T.);
#185=FACE_OUTER_BOUND('',#288,.T.);
#186=FACE_OUTER_BOUND('',#289,.T.);
#187=FACE_OUTER_BOUND('',#290,.T.);
#188=FACE_OUTER_BOUND('',#291,.T.);
#189=EDGE_LOOP('',(#1045,#1046,#1047,#1048));
#190=EDGE_LOOP('',(#1049));
#191=EDGE_LOOP('',(#1050));
#192=EDGE_LOOP('',(#1051,#1052,#1053,#1054));
#193=EDGE_LOOP('',(#1055));
#194=EDGE_LOOP('',(#1056));
#195=EDGE_LOOP('',(#1057,#1058,#1059,#1060));
#196=EDGE_LOOP('',(#1061));
#197=EDGE_LOOP('',(#1062));
#198=EDGE_LOOP('',(#1063,#1064,#1065,#1066));
#199=EDGE_LOOP('',(#1067));
#200=EDGE_LOOP('',(#1068));
#201=EDGE_LOOP('',(#1069,#1070,#1071,#1072));
#202=EDGE_LOOP('',(#1073,#1074,#1075,#1076));
#203=EDGE_LOOP('',(#1077,#1078,#1079,#1080,#1081,#1082,#1083,#1084,#1085,
#1086,#1087,#1088));
#204=EDGE_LOOP('',(#1089));
#205=EDGE_LOOP('',(#1090));
#206=EDGE_LOOP('',(#1091));
#207=EDGE_LOOP('',(#1092));
#208=EDGE_LOOP('',(#1093,#1094,#1095,#1096,#1097,#1098,#1099,#1100,#1101,
#1102,#1103,#1104));
#209=EDGE_LOOP('',(#1105,#1106,#1107,#1108));
#210=EDGE_LOOP('',(#1109,#1110,#1111,#1112));
#211=EDGE_LOOP('',(#1113,#1114,#1115,#1116));
#212=EDGE_LOOP('',(#1117,#1118,#1119,#1120));
#213=EDGE_LOOP('',(#1121,#1122,#1123,#1124));
#214=EDGE_LOOP('',(#1125,#1126,#1127,#1128,#1129,#1130,#1131,#1132));
#215=EDGE_LOOP('',(#1133,#1134,#1135,#1136));
#216=EDGE_LOOP('',(#1137,#1138,#1139,#1140));
#217=EDGE_LOOP('',(#1141,#1142,#1143,#1144,#1145,#1146,#1147,#1148,#1149,
#1150));
#218=EDGE_LOOP('',(#1151,#1152,#1153,#1154,#1155,#1156,#1157,#1158));
#219=EDGE_LOOP('',(#1159,#1160,#1161,#1162));
#220=EDGE_LOOP('',(#1163,#1164,#1165,#1166,#1167,#1168,#1169,#1170));
#221=EDGE_LOOP('',(#1171,#1172,#1173,#1174));
#222=EDGE_LOOP('',(#1175,#1176,#1177,#1178));
#223=EDGE_LOOP('',(#1179,#1180,#1181,#1182));
#224=EDGE_LOOP('',(#1183,#1184,#1185,#1186));
#225=EDGE_LOOP('',(#1187,#1188,#1189,#1190));
#226=EDGE_LOOP('',(#1191,#1192,#1193,#1194,#1195,#1196,#1197,#1198));
#227=EDGE_LOOP('',(#1199,#1200,#1201,#1202));
#228=EDGE_LOOP('',(#1203,#1204,#1205,#1206));
#229=EDGE_LOOP('',(#1207,#1208,#1209,#1210,#1211,#1212,#1213,#1214,#1215,
#1216));
#230=EDGE_LOOP('',(#1217,#1218,#1219,#1220,#1221,#1222,#1223,#1224));
#231=EDGE_LOOP('',(#1225,#1226,#1227,#1228));
#232=EDGE_LOOP('',(#1229,#1230,#1231,#1232,#1233,#1234));
#233=EDGE_LOOP('',(#1235,#1236,#1237,#1238,#1239,#1240));
#234=EDGE_LOOP('',(#1241,#1242,#1243,#1244));
#235=EDGE_LOOP('',(#1245,#1246,#1247,#1248));
#236=EDGE_LOOP('',(#1249,#1250,#1251,#1252));
#237=EDGE_LOOP('',(#1253,#1254,#1255,#1256));
#238=EDGE_LOOP('',(#1257,#1258,#1259,#1260));
#239=EDGE_LOOP('',(#1261,#1262,#1263,#1264));
#240=EDGE_LOOP('',(#1265,#1266,#1267,#1268));
#241=EDGE_LOOP('',(#1269,#1270,#1271,#1272));
#242=EDGE_LOOP('',(#1273,#1274,#1275,#1276));
#243=EDGE_LOOP('',(#1277,#1278,#1279,#1280));
#244=EDGE_LOOP('',(#1281,#1282,#1283,#1284,#1285,#1286));
#245=EDGE_LOOP('',(#1287,#1288,#1289,#1290));
#246=EDGE_LOOP('',(#1291,#1292,#1293,#1294));
#247=EDGE_LOOP('',(#1295,#1296,#1297,#1298));
#248=EDGE_LOOP('',(#1299,#1300,#1301,#1302,#1303,#1304));
#249=EDGE_LOOP('',(#1305,#1306,#1307,#1308));
#250=EDGE_LOOP('',(#1309,#1310,#1311,#1312));
#251=EDGE_LOOP('',(#1313,#1314,#1315,#1316));
#252=EDGE_LOOP('',(#1317,#1318,#1319,#1320,#1321,#1322));
#253=EDGE_LOOP('',(#1323,#1324,#1325,#1326));
#254=EDGE_LOOP('',(#1327,#1328,#1329,#1330));
#255=EDGE_LOOP('',(#1331,#1332,#1333,#1334));
#256=EDGE_LOOP('',(#1335,#1336,#1337,#1338,#1339,#1340,#1341,#1342,#1343,
#1344,#1345,#1346,#1347,#1348,#1349,#1350));
#257=EDGE_LOOP('',(#1351,#1352,#1353,#1354,#1355,#1356,#1357,#1358));
#258=EDGE_LOOP('',(#1359));
#259=EDGE_LOOP('',(#1360));
#260=EDGE_LOOP('',(#1361));
#261=EDGE_LOOP('',(#1362));
#262=EDGE_LOOP('',(#1363,#1364,#1365,#1366,#1367,#1368));
#263=EDGE_LOOP('',(#1369,#1370,#1371,#1372));
#264=EDGE_LOOP('',(#1373,#1374,#1375,#1376,#1377,#1378));
#265=EDGE_LOOP('',(#1379,#1380,#1381,#1382,#1383,#1384,#1385,#1386));
#266=EDGE_LOOP('',(#1387));
#267=EDGE_LOOP('',(#1388));
#268=EDGE_LOOP('',(#1389));
#269=EDGE_LOOP('',(#1390));
#270=EDGE_LOOP('',(#1391,#1392,#1393,#1394));
#271=EDGE_LOOP('',(#1395,#1396,#1397,#1398));
#272=EDGE_LOOP('',(#1399,#1400,#1401,#1402));
#273=EDGE_LOOP('',(#1403,#1404,#1405,#1406));
#274=EDGE_LOOP('',(#1407,#1408,#1409,#1410));
#275=EDGE_LOOP('',(#1411,#1412,#1413,#1414));
#276=EDGE_LOOP('',(#1415,#1416,#1417,#1418));
#277=EDGE_LOOP('',(#1419,#1420,#1421,#1422));
#278=EDGE_LOOP('',(#1423,#1424,#1425,#1426));
#279=EDGE_LOOP('',(#1427,#1428,#1429,#1430));
#280=EDGE_LOOP('',(#1431,#1432,#1433,#1434));
#281=EDGE_LOOP('',(#1435,#1436,#1437,#1438));
#282=EDGE_LOOP('',(#1439));
#283=EDGE_LOOP('',(#1440,#1441,#1442,#1443));
#284=EDGE_LOOP('',(#1444));
#285=EDGE_LOOP('',(#1445,#1446,#1447,#1448));
#286=EDGE_LOOP('',(#1449));
#287=EDGE_LOOP('',(#1450,#1451,#1452,#1453));
#288=EDGE_LOOP('',(#1454));
#289=EDGE_LOOP('',(#1455,#1456,#1457,#1458));
#290=EDGE_LOOP('',(#1459,#1460,#1461,#1462));
#291=EDGE_LOOP('',(#1463,#1464,#1465,#1466,#1467,#1468));
#292=EDGE_LOOP('',(#1469,#1470,#1471,#1472,#1473,#1474,#1475,#1476));
#293=LINE('',#2147,#469);
#294=LINE('',#2156,#470);
#295=LINE('',#2165,#471);
#296=LINE('',#2174,#472);
#297=LINE('',#2184,#473);
#298=LINE('',#2187,#474);
#299=LINE('',#2190,#475);
#300=LINE('',#2192,#476);
#301=LINE('',#2193,#477);
#302=LINE('',#2196,#478);
#303=LINE('',#2200,#479);
#304=LINE('',#2202,#480);
#305=LINE('',#2204,#481);
#306=LINE('',#2206,#482);
#307=LINE('',#2208,#483);
#308=LINE('',#2210,#484);
#309=LINE('',#2212,#485);
#310=LINE('',#2213,#486);
#311=LINE('',#2216,#487);
#312=LINE('',#2218,#488);
#313=LINE('',#2220,#489);
#314=LINE('',#2222,#490);
#315=LINE('',#2224,#491);
#316=LINE('',#2226,#492);
#317=LINE('',#2228,#493);
#318=LINE('',#2230,#494);
#319=LINE('',#2232,#495);
#320=LINE('',#2234,#496);
#321=LINE('',#2236,#497);
#322=LINE('',#2237,#498);
#323=LINE('',#2242,#499);
#324=LINE('',#2243,#500);
#325=LINE('',#2246,#501);
#326=LINE('',#2247,#502);
#327=LINE('',#2251,#503);
#328=LINE('',#2253,#504);
#329=LINE('',#2255,#505);
#330=LINE('',#2256,#506);
#331=LINE('',#2259,#507);
#332=LINE('',#2261,#508);
#333=LINE('',#2262,#509);
#334=LINE('',#2266,#510);
#335=LINE('',#2268,#511);
#336=LINE('',#2270,#512);
#337=LINE('',#2271,#513);
#338=LINE('',#2275,#514);
#339=LINE('',#2277,#515);
#340=LINE('',#2279,#516);
#341=LINE('',#2281,#517);
#342=LINE('',#2283,#518);
#343=LINE('',#2285,#519);
#344=LINE('',#2287,#520);
#345=LINE('',#2288,#521);
#346=LINE('',#2292,#522);
#347=LINE('',#2294,#523);
#348=LINE('',#2296,#524);
#349=LINE('',#2297,#525);
#350=LINE('',#2300,#526);
#351=LINE('',#2302,#527);
#352=LINE('',#2303,#528);
#353=LINE('',#2306,#529);
#354=LINE('',#2308,#530);
#355=LINE('',#2309,#531);
#356=LINE('',#2310,#532);
#357=LINE('',#2312,#533);
#358=LINE('',#2313,#534);
#359=LINE('',#2316,#535);
#360=LINE('',#2318,#536);
#361=LINE('',#2319,#537);
#362=LINE('',#2321,#538);
#363=LINE('',#2322,#539);
#364=LINE('',#2324,#540);
#365=LINE('',#2327,#541);
#366=LINE('',#2329,#542);
#367=LINE('',#2330,#543);
#368=LINE('',#2331,#544);
#369=LINE('',#2334,#545);
#370=LINE('',#2336,#546);
#371=LINE('',#2337,#547);
#372=LINE('',#2339,#548);
#373=LINE('',#2340,#549);
#374=LINE('',#2345,#550);
#375=LINE('',#2347,#551);
#376=LINE('',#2349,#552);
#377=LINE('',#2350,#553);
#378=LINE('',#2352,#554);
#379=LINE('',#2354,#555);
#380=LINE('',#2355,#556);
#381=LINE('',#2357,#557);
#382=LINE('',#2359,#558);
#383=LINE('',#2361,#559);
#384=LINE('',#2363,#560);
#385=LINE('',#2364,#561);
#386=LINE('',#2368,#562);
#387=LINE('',#2369,#563);
#388=LINE('',#2372,#564);
#389=LINE('',#2373,#565);
#390=LINE('',#2376,#566);
#391=LINE('',#2377,#567);
#392=LINE('',#2380,#568);
#393=LINE('',#2384,#569);
#394=LINE('',#2388,#570);
#395=LINE('',#2392,#571);
#396=LINE('',#2395,#572);
#397=LINE('',#2399,#573);
#398=LINE('',#2400,#574);
#399=LINE('',#2401,#575);
#400=LINE('',#2403,#576);
#401=LINE('',#2406,#577);
#402=LINE('',#2407,#578);
#403=LINE('',#2409,#579);
#404=LINE('',#2412,#580);
#405=LINE('',#2414,#581);
#406=LINE('',#2416,#582);
#407=LINE('',#2418,#583);
#408=LINE('',#2419,#584);
#409=LINE('',#2422,#585);
#410=LINE('',#2424,#586);
#411=LINE('',#2425,#587);
#412=LINE('',#2428,#588);
#413=LINE('',#2429,#589);
#414=LINE('',#2432,#590);
#415=LINE('',#2433,#591);
#416=LINE('',#2436,#592);
#417=LINE('',#2438,#593);
#418=LINE('',#2440,#594);
#419=LINE('',#2442,#595);
#420=LINE('',#2443,#596);
#421=LINE('',#2446,#597);
#422=LINE('',#2448,#598);
#423=LINE('',#2449,#599);
#424=LINE('',#2452,#600);
#425=LINE('',#2453,#601);
#426=LINE('',#2456,#602);
#427=LINE('',#2457,#603);
#428=LINE('',#2459,#604);
#429=LINE('',#2462,#605);
#430=LINE('',#2463,#606);
#431=LINE('',#2466,#607);
#432=LINE('',#2467,#608);
#433=LINE('',#2469,#609);
#434=LINE('',#2471,#610);
#435=LINE('',#2476,#611);
#436=LINE('',#2478,#612);
#437=LINE('',#2480,#613);
#438=LINE('',#2481,#614);
#439=LINE('',#2484,#615);
#440=LINE('',#2488,#616);
#441=LINE('',#2491,#617);
#442=LINE('',#2494,#618);
#443=LINE('',#2498,#619);
#444=LINE('',#2502,#620);
#445=LINE('',#2506,#621);
#446=LINE('',#2520,#622);
#447=LINE('',#2521,#623);
#448=LINE('',#2524,#624);
#449=LINE('',#2525,#625);
#450=LINE('',#2529,#626);
#451=LINE('',#2532,#627);
#452=LINE('',#2535,#628);
#453=LINE('',#2538,#629);
#454=LINE('',#2539,#630);
#455=LINE('',#2542,#631);
#456=LINE('',#2546,#632);
#457=LINE('',#2547,#633);
#458=LINE('',#2550,#634);
#459=LINE('',#2553,#635);
#460=LINE('',#2555,#636);
#461=LINE('',#2558,#637);
#462=LINE('',#2561,#638);
#463=LINE('',#2565,#639);
#464=LINE('',#2570,#640);
#465=LINE('',#2575,#641);
#466=LINE('',#2580,#642);
#467=LINE('',#2583,#643);
#468=LINE('',#2585,#644);
#469=VECTOR('',#1722,1.55);
#470=VECTOR('',#1733,1.55);
#471=VECTOR('',#1744,1.55);
#472=VECTOR('',#1755,1.55);
#473=VECTOR('',#1766,10.);
#474=VECTOR('',#1769,10.);
#475=VECTOR('',#1772,10.);
#476=VECTOR('',#1773,10.);
#477=VECTOR('',#1774,10.);
#478=VECTOR('',#1777,10.);
#479=VECTOR('',#1780,10.);
#480=VECTOR('',#1781,10.);
#481=VECTOR('',#1782,10.);
#482=VECTOR('',#1783,10.);
#483=VECTOR('',#1784,10.);
#484=VECTOR('',#1785,10.);
#485=VECTOR('',#1786,10.);
#486=VECTOR('',#1787,10.);
#487=VECTOR('',#1788,10.);
#488=VECTOR('',#1789,10.);
#489=VECTOR('',#1790,10.);
#490=VECTOR('',#1791,10.);
#491=VECTOR('',#1792,10.);
#492=VECTOR('',#1793,10.);
#493=VECTOR('',#1794,10.);
#494=VECTOR('',#1795,10.);
#495=VECTOR('',#1796,10.);
#496=VECTOR('',#1797,10.);
#497=VECTOR('',#1798,10.);
#498=VECTOR('',#1799,10.);
#499=VECTOR('',#1804,10.);
#500=VECTOR('',#1805,10.);
#501=VECTOR('',#1808,10.);
#502=VECTOR('',#1809,10.);
#503=VECTOR('',#1812,10.);
#504=VECTOR('',#1813,10.);
#505=VECTOR('',#1814,10.);
#506=VECTOR('',#1815,10.);
#507=VECTOR('',#1818,10.);
#508=VECTOR('',#1819,10.);
#509=VECTOR('',#1820,10.);
#510=VECTOR('',#1823,10.);
#511=VECTOR('',#1824,10.);
#512=VECTOR('',#1825,10.);
#513=VECTOR('',#1826,10.);
#514=VECTOR('',#1829,10.);
#515=VECTOR('',#1830,10.);
#516=VECTOR('',#1831,10.);
#517=VECTOR('',#1832,10.);
#518=VECTOR('',#1833,10.);
#519=VECTOR('',#1834,10.);
#520=VECTOR('',#1835,10.);
#521=VECTOR('',#1836,10.);
#522=VECTOR('',#1839,10.);
#523=VECTOR('',#1840,10.);
#524=VECTOR('',#1841,10.);
#525=VECTOR('',#1842,10.);
#526=VECTOR('',#1845,10.);
#527=VECTOR('',#1846,10.);
#528=VECTOR('',#1847,10.);
#529=VECTOR('',#1850,10.);
#530=VECTOR('',#1851,10.);
#531=VECTOR('',#1852,10.);
#532=VECTOR('',#1853,10.);
#533=VECTOR('',#1854,10.);
#534=VECTOR('',#1855,10.);
#535=VECTOR('',#1858,10.);
#536=VECTOR('',#1859,10.);
#537=VECTOR('',#1860,10.);
#538=VECTOR('',#1861,10.);
#539=VECTOR('',#1862,10.);
#540=VECTOR('',#1865,10.);
#541=VECTOR('',#1868,10.);
#542=VECTOR('',#1869,10.);
#543=VECTOR('',#1870,10.);
#544=VECTOR('',#1871,10.);
#545=VECTOR('',#1874,10.);
#546=VECTOR('',#1875,10.);
#547=VECTOR('',#1876,10.);
#548=VECTOR('',#1879,10.);
#549=VECTOR('',#1880,10.);
#550=VECTOR('',#1885,10.);
#551=VECTOR('',#1886,10.);
#552=VECTOR('',#1887,10.);
#553=VECTOR('',#1888,10.);
#554=VECTOR('',#1891,10.);
#555=VECTOR('',#1894,10.);
#556=VECTOR('',#1895,10.);
#557=VECTOR('',#1898,10.);
#558=VECTOR('',#1901,10.);
#559=VECTOR('',#1904,10.);
#560=VECTOR('',#1907,10.);
#561=VECTOR('',#1908,10.);
#562=VECTOR('',#1913,10.);
#563=VECTOR('',#1914,10.);
#564=VECTOR('',#1917,10.);
#565=VECTOR('',#1918,10.);
#566=VECTOR('',#1921,10.);
#567=VECTOR('',#1922,10.);
#568=VECTOR('',#1925,1.00000000000001);
#569=VECTOR('',#1930,1.);
#570=VECTOR('',#1935,1.);
#571=VECTOR('',#1940,1.00000000000001);
#572=VECTOR('',#1945,10.);
#573=VECTOR('',#1948,10.);
#574=VECTOR('',#1949,10.);
#575=VECTOR('',#1950,10.);
#576=VECTOR('',#1953,10.);
#577=VECTOR('',#1956,10.);
#578=VECTOR('',#1957,10.);
#579=VECTOR('',#1960,10.);
#580=VECTOR('',#1963,10.);
#581=VECTOR('',#1964,10.);
#582=VECTOR('',#1965,10.);
#583=VECTOR('',#1966,10.);
#584=VECTOR('',#1967,10.);
#585=VECTOR('',#1970,10.);
#586=VECTOR('',#1971,10.);
#587=VECTOR('',#1972,10.);
#588=VECTOR('',#1975,10.);
#589=VECTOR('',#1976,10.);
#590=VECTOR('',#1979,10.);
#591=VECTOR('',#1980,10.);
#592=VECTOR('',#1983,10.);
#593=VECTOR('',#1984,10.);
#594=VECTOR('',#1985,10.);
#595=VECTOR('',#1986,10.);
#596=VECTOR('',#1987,10.);
#597=VECTOR('',#1990,10.);
#598=VECTOR('',#1991,10.);
#599=VECTOR('',#1992,10.);
#600=VECTOR('',#1995,10.);
#601=VECTOR('',#1996,10.);
#602=VECTOR('',#1999,10.);
#603=VECTOR('',#2000,10.);
#604=VECTOR('',#2003,10.);
#605=VECTOR('',#2006,10.);
#606=VECTOR('',#2007,10.);
#607=VECTOR('',#2010,10.);
#608=VECTOR('',#2011,10.);
#609=VECTOR('',#2014,10.);
#610=VECTOR('',#2017,10.);
#611=VECTOR('',#2022,10.);
#612=VECTOR('',#2023,10.);
#613=VECTOR('',#2024,10.);
#614=VECTOR('',#2025,10.);
#615=VECTOR('',#2028,10.);
#616=VECTOR('',#2031,10.);
#617=VECTOR('',#2034,10.);
#618=VECTOR('',#2035,10.);
#619=VECTOR('',#2038,10.);
#620=VECTOR('',#2041,10.);
#621=VECTOR('',#2044,10.);
#622=VECTOR('',#2059,10.);
#623=VECTOR('',#2060,10.);
#624=VECTOR('',#2063,10.);
#625=VECTOR('',#2064,10.);
#626=VECTOR('',#2069,10.);
#627=VECTOR('',#2072,10.);
#628=VECTOR('',#2075,10.);
#629=VECTOR('',#2078,10.);
#630=VECTOR('',#2079,10.);
#631=VECTOR('',#2082,10.);
#632=VECTOR('',#2087,10.);
#633=VECTOR('',#2088,10.);
#634=VECTOR('',#2091,10.);
#635=VECTOR('',#2094,10.);
#636=VECTOR('',#2097,10.);
#637=VECTOR('',#2100,10.);
#638=VECTOR('',#2105,10.);
#639=VECTOR('',#2110,1.4);
#640=VECTOR('',#2117,1.4);
#641=VECTOR('',#2124,1.4);
#642=VECTOR('',#2131,1.4);
#643=VECTOR('',#2136,10.);
#644=VECTOR('',#2139,10.);
#645=CIRCLE('',#1593,1.55);
#646=CIRCLE('',#1594,1.55);
#647=CIRCLE('',#1596,1.);
#648=CIRCLE('',#1598,1.55);
#649=CIRCLE('',#1599,1.55);
#650=CIRCLE('',#1601,1.00000000000001);
#651=CIRCLE('',#1603,1.55);
#652=CIRCLE('',#1604,1.55);
#653=CIRCLE('',#1606,1.);
#654=CIRCLE('',#1608,1.55);
#655=CIRCLE('',#1609,1.55);
#656=CIRCLE('',#1611,1.00000000000001);
#657=CIRCLE('',#1613,4.);
#658=CIRCLE('',#1614,4.);
#659=CIRCLE('',#1617,4.);
#660=CIRCLE('',#1619,4.);
#661=CIRCLE('',#1646,1.00000000000001);
#662=CIRCLE('',#1648,1.);
#663=CIRCLE('',#1650,1.);
#664=CIRCLE('',#1652,1.00000000000001);
#665=CIRCLE('',#1674,2.);
#666=CIRCLE('',#1675,2.);
#667=CIRCLE('',#1676,2.);
#668=CIRCLE('',#1677,2.);
#669=CIRCLE('',#1678,2.);
#670=CIRCLE('',#1679,2.);
#671=CIRCLE('',#1680,1.4);
#672=CIRCLE('',#1681,1.4);
#673=CIRCLE('',#1682,1.4);
#674=CIRCLE('',#1683,1.4);
#675=CIRCLE('',#1685,2.);
#676=CIRCLE('',#1688,2.);
#677=CIRCLE('',#1690,2.);
#678=CIRCLE('',#1693,2.);
#679=CIRCLE('',#1696,2.);
#680=CIRCLE('',#1699,2.);
#681=CIRCLE('',#1702,1.22539615254126);
#682=CIRCLE('',#1705,1.22539615254126);
#683=CIRCLE('',#1708,1.22539615254126);
#684=CIRCLE('',#1711,1.22539615254126);
#685=VERTEX_POINT('',#2144);
#686=VERTEX_POINT('',#2146);
#687=VERTEX_POINT('',#2150);
#688=VERTEX_POINT('',#2153);
#689=VERTEX_POINT('',#2155);
#690=VERTEX_POINT('',#2159);
#691=VERTEX_POINT('',#2162);
#692=VERTEX_POINT('',#2164);
#693=VERTEX_POINT('',#2168);
#694=VERTEX_POINT('',#2171);
#695=VERTEX_POINT('',#2173);
#696=VERTEX_POINT('',#2177);
#697=VERTEX_POINT('',#2180);
#698=VERTEX_POINT('',#2181);
#699=VERTEX_POINT('',#2183);
#700=VERTEX_POINT('',#2185);
#701=VERTEX_POINT('',#2189);
#702=VERTEX_POINT('',#2191);
#703=VERTEX_POINT('',#2195);
#704=VERTEX_POINT('',#2197);
#705=VERTEX_POINT('',#2199);
#706=VERTEX_POINT('',#2201);
#707=VERTEX_POINT('',#2203);
#708=VERTEX_POINT('',#2205);
#709=VERTEX_POINT('',#2207);
#710=VERTEX_POINT('',#2209);
#711=VERTEX_POINT('',#2211);
#712=VERTEX_POINT('',#2214);
#713=VERTEX_POINT('',#2215);
#714=VERTEX_POINT('',#2217);
#715=VERTEX_POINT('',#2219);
#716=VERTEX_POINT('',#2221);
#717=VERTEX_POINT('',#2223);
#718=VERTEX_POINT('',#2225);
#719=VERTEX_POINT('',#2227);
#720=VERTEX_POINT('',#2229);
#721=VERTEX_POINT('',#2231);
#722=VERTEX_POINT('',#2233);
#723=VERTEX_POINT('',#2235);
#724=VERTEX_POINT('',#2239);
#725=VERTEX_POINT('',#2240);
#726=VERTEX_POINT('',#2245);
#727=VERTEX_POINT('',#2249);
#728=VERTEX_POINT('',#2250);
#729=VERTEX_POINT('',#2252);
#730=VERTEX_POINT('',#2254);
#731=VERTEX_POINT('',#2258);
#732=VERTEX_POINT('',#2260);
#733=VERTEX_POINT('',#2264);
#734=VERTEX_POINT('',#2265);
#735=VERTEX_POINT('',#2267);
#736=VERTEX_POINT('',#2269);
#737=VERTEX_POINT('',#2273);
#738=VERTEX_POINT('',#2274);
#739=VERTEX_POINT('',#2276);
#740=VERTEX_POINT('',#2278);
#741=VERTEX_POINT('',#2280);
#742=VERTEX_POINT('',#2282);
#743=VERTEX_POINT('',#2284);
#744=VERTEX_POINT('',#2286);
#745=VERTEX_POINT('',#2290);
#746=VERTEX_POINT('',#2291);
#747=VERTEX_POINT('',#2293);
#748=VERTEX_POINT('',#2295);
#749=VERTEX_POINT('',#2299);
#750=VERTEX_POINT('',#2301);
#751=VERTEX_POINT('',#2305);
#752=VERTEX_POINT('',#2307);
#753=VERTEX_POINT('',#2311);
#754=VERTEX_POINT('',#2315);
#755=VERTEX_POINT('',#2317);
#756=VERTEX_POINT('',#2320);
#757=VERTEX_POINT('',#2326);
#758=VERTEX_POINT('',#2328);
#759=VERTEX_POINT('',#2333);
#760=VERTEX_POINT('',#2335);
#761=VERTEX_POINT('',#2343);
#762=VERTEX_POINT('',#2344);
#763=VERTEX_POINT('',#2346);
#764=VERTEX_POINT('',#2348);
#765=VERTEX_POINT('',#2367);
#766=VERTEX_POINT('',#2371);
#767=VERTEX_POINT('',#2375);
#768=VERTEX_POINT('',#2379);
#769=VERTEX_POINT('',#2383);
#770=VERTEX_POINT('',#2387);
#771=VERTEX_POINT('',#2391);
#772=VERTEX_POINT('',#2397);
#773=VERTEX_POINT('',#2398);
#774=VERTEX_POINT('',#2405);
#775=VERTEX_POINT('',#2411);
#776=VERTEX_POINT('',#2413);
#777=VERTEX_POINT('',#2415);
#778=VERTEX_POINT('',#2417);
#779=VERTEX_POINT('',#2421);
#780=VERTEX_POINT('',#2423);
#781=VERTEX_POINT('',#2427);
#782=VERTEX_POINT('',#2431);
#783=VERTEX_POINT('',#2435);
#784=VERTEX_POINT('',#2437);
#785=VERTEX_POINT('',#2439);
#786=VERTEX_POINT('',#2441);
#787=VERTEX_POINT('',#2445);
#788=VERTEX_POINT('',#2447);
#789=VERTEX_POINT('',#2451);
#790=VERTEX_POINT('',#2455);
#791=VERTEX_POINT('',#2461);
#792=VERTEX_POINT('',#2465);
#793=VERTEX_POINT('',#2474);
#794=VERTEX_POINT('',#2475);
#795=VERTEX_POINT('',#2477);
#796=VERTEX_POINT('',#2479);
#797=VERTEX_POINT('',#2483);
#798=VERTEX_POINT('',#2485);
#799=VERTEX_POINT('',#2487);
#800=VERTEX_POINT('',#2489);
#801=VERTEX_POINT('',#2492);
#802=VERTEX_POINT('',#2493);
#803=VERTEX_POINT('',#2495);
#804=VERTEX_POINT('',#2497);
#805=VERTEX_POINT('',#2499);
#806=VERTEX_POINT('',#2501);
#807=VERTEX_POINT('',#2503);
#808=VERTEX_POINT('',#2505);
#809=VERTEX_POINT('',#2508);
#810=VERTEX_POINT('',#2510);
#811=VERTEX_POINT('',#2512);
#812=VERTEX_POINT('',#2514);
#813=VERTEX_POINT('',#2517);
#814=VERTEX_POINT('',#2518);
#815=VERTEX_POINT('',#2523);
#816=VERTEX_POINT('',#2527);
#817=VERTEX_POINT('',#2531);
#818=VERTEX_POINT('',#2533);
#819=VERTEX_POINT('',#2537);
#820=VERTEX_POINT('',#2541);
#821=VERTEX_POINT('',#2545);
#822=VERTEX_POINT('',#2549);
#823=VERTEX_POINT('',#2551);
#824=VERTEX_POINT('',#2557);
#825=VERTEX_POINT('',#2563);
#826=VERTEX_POINT('',#2568);
#827=VERTEX_POINT('',#2573);
#828=VERTEX_POINT('',#2578);
#829=EDGE_CURVE('',#685,#685,#645,.T.);
#830=EDGE_CURVE('',#685,#686,#293,.T.);
#831=EDGE_CURVE('',#686,#686,#646,.T.);
#832=EDGE_CURVE('',#687,#687,#647,.T.);
#833=EDGE_CURVE('',#688,#688,#648,.T.);
#834=EDGE_CURVE('',#688,#689,#294,.T.);
#835=EDGE_CURVE('',#689,#689,#649,.T.);
#836=EDGE_CURVE('',#690,#690,#650,.T.);
#837=EDGE_CURVE('',#691,#691,#651,.T.);
#838=EDGE_CURVE('',#691,#692,#295,.T.);
#839=EDGE_CURVE('',#692,#692,#652,.T.);
#840=EDGE_CURVE('',#693,#693,#653,.T.);
#841=EDGE_CURVE('',#694,#694,#654,.T.);
#842=EDGE_CURVE('',#694,#695,#296,.T.);
#843=EDGE_CURVE('',#695,#695,#655,.T.);
#844=EDGE_CURVE('',#696,#696,#656,.T.);
#845=EDGE_CURVE('',#697,#698,#657,.T.);
#846=EDGE_CURVE('',#698,#699,#297,.T.);
#847=EDGE_CURVE('',#699,#700,#658,.T.);
#848=EDGE_CURVE('',#700,#697,#298,.T.);
#849=EDGE_CURVE('',#701,#698,#299,.T.);
#850=EDGE_CURVE('',#701,#702,#300,.T.);
#851=EDGE_CURVE('',#702,#699,#301,.T.);
#852=EDGE_CURVE('',#697,#703,#302,.T.);
#853=EDGE_CURVE('',#704,#703,#659,.T.);
#854=EDGE_CURVE('',#704,#705,#303,.T.);
#855=EDGE_CURVE('',#705,#706,#304,.T.);
#856=EDGE_CURVE('',#707,#706,#305,.T.);
#857=EDGE_CURVE('',#708,#707,#306,.T.);
#858=EDGE_CURVE('',#709,#708,#307,.T.);
#859=EDGE_CURVE('',#709,#710,#308,.T.);
#860=EDGE_CURVE('',#711,#710,#309,.T.);
#861=EDGE_CURVE('',#701,#711,#310,.T.);
#862=EDGE_CURVE('',#712,#713,#311,.T.);
#863=EDGE_CURVE('',#713,#714,#312,.T.);
#864=EDGE_CURVE('',#714,#715,#313,.T.);
#865=EDGE_CURVE('',#715,#716,#314,.T.);
#866=EDGE_CURVE('',#717,#716,#315,.T.);
#867=EDGE_CURVE('',#717,#718,#316,.T.);
#868=EDGE_CURVE('',#718,#719,#317,.T.);
#869=EDGE_CURVE('',#719,#720,#318,.T.);
#870=EDGE_CURVE('',#720,#721,#319,.T.);
#871=EDGE_CURVE('',#721,#722,#320,.T.);
#872=EDGE_CURVE('',#722,#723,#321,.T.);
#873=EDGE_CURVE('',#723,#712,#322,.T.);
#874=EDGE_CURVE('',#724,#725,#660,.T.);
#875=EDGE_CURVE('',#725,#704,#323,.T.);
#876=EDGE_CURVE('',#703,#724,#324,.T.);
#877=EDGE_CURVE('',#725,#726,#325,.T.);
#878=EDGE_CURVE('',#726,#705,#326,.T.);
#879=EDGE_CURVE('',#727,#728,#327,.T.);
#880=EDGE_CURVE('',#729,#727,#328,.T.);
#881=EDGE_CURVE('',#730,#729,#329,.T.);
#882=EDGE_CURVE('',#728,#730,#330,.T.);
#883=EDGE_CURVE('',#731,#728,#331,.T.);
#884=EDGE_CURVE('',#732,#731,#332,.T.);
#885=EDGE_CURVE('',#732,#727,#333,.T.);
#886=EDGE_CURVE('',#733,#734,#334,.T.);
#887=EDGE_CURVE('',#735,#734,#335,.T.);
#888=EDGE_CURVE('',#736,#735,#336,.T.);
#889=EDGE_CURVE('',#733,#736,#337,.T.);
#890=EDGE_CURVE('',#737,#738,#338,.T.);
#891=EDGE_CURVE('',#739,#738,#339,.T.);
#892=EDGE_CURVE('',#740,#739,#340,.T.);
#893=EDGE_CURVE('',#741,#740,#341,.T.);
#894=EDGE_CURVE('',#742,#741,#342,.T.);
#895=EDGE_CURVE('',#743,#742,#343,.T.);
#896=EDGE_CURVE('',#744,#743,#344,.T.);
#897=EDGE_CURVE('',#737,#744,#345,.T.);
#898=EDGE_CURVE('',#745,#746,#346,.T.);
#899=EDGE_CURVE('',#747,#745,#347,.T.);
#900=EDGE_CURVE('',#747,#748,#348,.T.);
#901=EDGE_CURVE('',#746,#748,#349,.T.);
#902=EDGE_CURVE('',#749,#745,#350,.T.);
#903=EDGE_CURVE('',#749,#750,#351,.T.);
#904=EDGE_CURVE('',#750,#747,#352,.T.);
#905=EDGE_CURVE('',#751,#746,#353,.T.);
#906=EDGE_CURVE('',#751,#752,#354,.T.);
#907=EDGE_CURVE('',#721,#752,#355,.T.);
#908=EDGE_CURVE('',#720,#742,#356,.T.);
#909=EDGE_CURVE('',#753,#741,#357,.T.);
#910=EDGE_CURVE('',#753,#749,#358,.T.);
#911=EDGE_CURVE('',#754,#739,#359,.T.);
#912=EDGE_CURVE('',#754,#755,#360,.T.);
#913=EDGE_CURVE('',#755,#748,#361,.T.);
#914=EDGE_CURVE('',#750,#756,#362,.T.);
#915=EDGE_CURVE('',#756,#740,#363,.T.);
#916=EDGE_CURVE('',#755,#751,#364,.T.);
#917=EDGE_CURVE('',#757,#738,#365,.T.);
#918=EDGE_CURVE('',#757,#758,#366,.T.);
#919=EDGE_CURVE('',#722,#758,#367,.T.);
#920=EDGE_CURVE('',#752,#754,#368,.T.);
#921=EDGE_CURVE('',#759,#736,#369,.T.);
#922=EDGE_CURVE('',#759,#760,#370,.T.);
#923=EDGE_CURVE('',#760,#733,#371,.T.);
#924=EDGE_CURVE('',#758,#759,#372,.T.);
#925=EDGE_CURVE('',#760,#757,#373,.T.);
#926=EDGE_CURVE('',#761,#762,#374,.T.);
#927=EDGE_CURVE('',#763,#761,#375,.T.);
#928=EDGE_CURVE('',#764,#763,#376,.T.);
#929=EDGE_CURVE('',#762,#764,#377,.T.);
#930=EDGE_CURVE('',#756,#753,#378,.T.);
#931=EDGE_CURVE('',#763,#737,#379,.T.);
#932=EDGE_CURVE('',#761,#734,#380,.T.);
#933=EDGE_CURVE('',#762,#735,#381,.T.);
#934=EDGE_CURVE('',#764,#744,#382,.T.);
#935=EDGE_CURVE('',#723,#743,#383,.T.);
#936=EDGE_CURVE('',#729,#712,#384,.T.);
#937=EDGE_CURVE('',#719,#730,#385,.T.);
#938=EDGE_CURVE('',#765,#732,#386,.T.);
#939=EDGE_CURVE('',#713,#765,#387,.T.);
#940=EDGE_CURVE('',#731,#766,#388,.T.);
#941=EDGE_CURVE('',#766,#718,#389,.T.);
#942=EDGE_CURVE('',#765,#767,#390,.T.);
#943=EDGE_CURVE('',#767,#714,#391,.T.);
#944=EDGE_CURVE('',#690,#768,#392,.T.);
#945=EDGE_CURVE('',#768,#768,#661,.T.);
#946=EDGE_CURVE('',#687,#769,#393,.T.);
#947=EDGE_CURVE('',#769,#769,#662,.T.);
#948=EDGE_CURVE('',#693,#770,#394,.T.);
#949=EDGE_CURVE('',#770,#770,#663,.T.);
#950=EDGE_CURVE('',#696,#771,#395,.T.);
#951=EDGE_CURVE('',#771,#771,#664,.T.);
#952=EDGE_CURVE('',#700,#724,#396,.T.);
#953=EDGE_CURVE('',#772,#773,#397,.T.);
#954=EDGE_CURVE('',#716,#773,#398,.T.);
#955=EDGE_CURVE('',#772,#715,#399,.T.);
#956=EDGE_CURVE('',#767,#772,#400,.T.);
#957=EDGE_CURVE('',#774,#717,#401,.T.);
#958=EDGE_CURVE('',#774,#766,#402,.T.);
#959=EDGE_CURVE('',#773,#774,#403,.T.);
#960=EDGE_CURVE('',#710,#775,#404,.T.);
#961=EDGE_CURVE('',#775,#776,#405,.T.);
#962=EDGE_CURVE('',#776,#777,#406,.T.);
#963=EDGE_CURVE('',#777,#778,#407,.T.);
#964=EDGE_CURVE('',#778,#711,#408,.T.);
#965=EDGE_CURVE('',#776,#779,#409,.T.);
#966=EDGE_CURVE('',#780,#779,#410,.T.);
#967=EDGE_CURVE('',#777,#780,#411,.T.);
#968=EDGE_CURVE('',#781,#780,#412,.T.);
#969=EDGE_CURVE('',#778,#781,#413,.T.);
#970=EDGE_CURVE('',#782,#781,#414,.T.);
#971=EDGE_CURVE('',#779,#782,#415,.T.);
#972=EDGE_CURVE('',#783,#707,#416,.T.);
#973=EDGE_CURVE('',#784,#706,#417,.T.);
#974=EDGE_CURVE('',#785,#784,#418,.T.);
#975=EDGE_CURVE('',#786,#785,#419,.T.);
#976=EDGE_CURVE('',#783,#786,#420,.T.);
#977=EDGE_CURVE('',#784,#787,#421,.T.);
#978=EDGE_CURVE('',#788,#787,#422,.T.);
#979=EDGE_CURVE('',#785,#788,#423,.T.);
#980=EDGE_CURVE('',#789,#788,#424,.T.);
#981=EDGE_CURVE('',#786,#789,#425,.T.);
#982=EDGE_CURVE('',#790,#789,#426,.T.);
#983=EDGE_CURVE('',#787,#790,#427,.T.);
#984=EDGE_CURVE('',#702,#782,#428,.T.);
#985=EDGE_CURVE('',#791,#709,#429,.T.);
#986=EDGE_CURVE('',#791,#775,#430,.T.);
#987=EDGE_CURVE('',#792,#708,#431,.T.);
#988=EDGE_CURVE('',#792,#791,#432,.T.);
#989=EDGE_CURVE('',#792,#783,#433,.T.);
#990=EDGE_CURVE('',#726,#790,#434,.T.);
#991=EDGE_CURVE('',#793,#794,#435,.T.);
#992=EDGE_CURVE('',#794,#795,#436,.T.);
#993=EDGE_CURVE('',#796,#795,#437,.T.);
#994=EDGE_CURVE('',#793,#796,#438,.T.);
#995=EDGE_CURVE('',#795,#797,#439,.T.);
#996=EDGE_CURVE('',#798,#797,#665,.T.);
#997=EDGE_CURVE('',#798,#799,#440,.T.);
#998=EDGE_CURVE('',#800,#799,#666,.T.);
#999=EDGE_CURVE('',#800,#796,#441,.T.);
#1000=EDGE_CURVE('',#801,#802,#442,.T.);
#1001=EDGE_CURVE('',#803,#802,#667,.T.);
#1002=EDGE_CURVE('',#803,#804,#443,.T.);
#1003=EDGE_CURVE('',#805,#804,#668,.T.);
#1004=EDGE_CURVE('',#805,#806,#444,.T.);
#1005=EDGE_CURVE('',#807,#806,#669,.T.);
#1006=EDGE_CURVE('',#807,#808,#445,.T.);
#1007=EDGE_CURVE('',#801,#808,#670,.T.);
#1008=EDGE_CURVE('',#809,#809,#671,.T.);
#1009=EDGE_CURVE('',#810,#810,#672,.T.);
#1010=EDGE_CURVE('',#811,#811,#673,.T.);
#1011=EDGE_CURVE('',#812,#812,#674,.T.);
#1012=EDGE_CURVE('',#813,#814,#675,.T.);
#1013=EDGE_CURVE('',#814,#798,#446,.T.);
#1014=EDGE_CURVE('',#797,#813,#447,.T.);
#1015=EDGE_CURVE('',#815,#814,#448,.T.);
#1016=EDGE_CURVE('',#799,#815,#449,.T.);
#1017=EDGE_CURVE('',#815,#816,#676,.T.);
#1018=EDGE_CURVE('',#816,#800,#450,.T.);
#1019=EDGE_CURVE('',#804,#817,#451,.T.);
#1020=EDGE_CURVE('',#817,#818,#677,.T.);
#1021=EDGE_CURVE('',#818,#805,#452,.T.);
#1022=EDGE_CURVE('',#819,#803,#453,.T.);
#1023=EDGE_CURVE('',#817,#819,#454,.T.);
#1024=EDGE_CURVE('',#802,#820,#455,.T.);
#1025=EDGE_CURVE('',#820,#819,#678,.T.);
#1026=EDGE_CURVE('',#821,#801,#456,.T.);
#1027=EDGE_CURVE('',#820,#821,#457,.T.);
#1028=EDGE_CURVE('',#806,#822,#458,.T.);
#1029=EDGE_CURVE('',#822,#823,#679,.T.);
#1030=EDGE_CURVE('',#823,#807,#459,.T.);
#1031=EDGE_CURVE('',#822,#818,#460,.T.);
#1032=EDGE_CURVE('',#808,#824,#461,.T.);
#1033=EDGE_CURVE('',#824,#821,#680,.T.);
#1034=EDGE_CURVE('',#824,#823,#462,.T.);
#1035=EDGE_CURVE('',#825,#825,#681,.T.);
#1036=EDGE_CURVE('',#825,#809,#463,.T.);
#1037=EDGE_CURVE('',#826,#826,#682,.T.);
#1038=EDGE_CURVE('',#826,#810,#464,.T.);
#1039=EDGE_CURVE('',#827,#827,#683,.T.);
#1040=EDGE_CURVE('',#827,#811,#465,.T.);
#1041=EDGE_CURVE('',#828,#828,#684,.T.);
#1042=EDGE_CURVE('',#828,#812,#466,.T.);
#1043=EDGE_CURVE('',#813,#794,#467,.T.);
#1044=EDGE_CURVE('',#793,#816,#468,.T.);
#1045=ORIENTED_EDGE('',*,*,#829,.F.);
#1046=ORIENTED_EDGE('',*,*,#830,.T.);
#1047=ORIENTED_EDGE('',*,*,#831,.T.);
#1048=ORIENTED_EDGE('',*,*,#830,.F.);
#1049=ORIENTED_EDGE('',*,*,#831,.F.);
#1050=ORIENTED_EDGE('',*,*,#832,.F.);
#1051=ORIENTED_EDGE('',*,*,#833,.F.);
#1052=ORIENTED_EDGE('',*,*,#834,.T.);
#1053=ORIENTED_EDGE('',*,*,#835,.T.);
#1054=ORIENTED_EDGE('',*,*,#834,.F.);
#1055=ORIENTED_EDGE('',*,*,#835,.F.);
#1056=ORIENTED_EDGE('',*,*,#836,.F.);
#1057=ORIENTED_EDGE('',*,*,#837,.F.);
#1058=ORIENTED_EDGE('',*,*,#838,.T.);
#1059=ORIENTED_EDGE('',*,*,#839,.T.);
#1060=ORIENTED_EDGE('',*,*,#838,.F.);
#1061=ORIENTED_EDGE('',*,*,#839,.F.);
#1062=ORIENTED_EDGE('',*,*,#840,.F.);
#1063=ORIENTED_EDGE('',*,*,#841,.F.);
#1064=ORIENTED_EDGE('',*,*,#842,.T.);
#1065=ORIENTED_EDGE('',*,*,#843,.T.);
#1066=ORIENTED_EDGE('',*,*,#842,.F.);
#1067=ORIENTED_EDGE('',*,*,#843,.F.);
#1068=ORIENTED_EDGE('',*,*,#844,.F.);
#1069=ORIENTED_EDGE('',*,*,#845,.T.);
#1070=ORIENTED_EDGE('',*,*,#846,.T.);
#1071=ORIENTED_EDGE('',*,*,#847,.T.);
#1072=ORIENTED_EDGE('',*,*,#848,.T.);
#1073=ORIENTED_EDGE('',*,*,#846,.F.);
#1074=ORIENTED_EDGE('',*,*,#849,.F.);
#1075=ORIENTED_EDGE('',*,*,#850,.T.);
#1076=ORIENTED_EDGE('',*,*,#851,.T.);
#1077=ORIENTED_EDGE('',*,*,#845,.F.);
#1078=ORIENTED_EDGE('',*,*,#852,.T.);
#1079=ORIENTED_EDGE('',*,*,#853,.F.);
#1080=ORIENTED_EDGE('',*,*,#854,.T.);
#1081=ORIENTED_EDGE('',*,*,#855,.T.);
#1082=ORIENTED_EDGE('',*,*,#856,.F.);
#1083=ORIENTED_EDGE('',*,*,#857,.F.);
#1084=ORIENTED_EDGE('',*,*,#858,.F.);
#1085=ORIENTED_EDGE('',*,*,#859,.T.);
#1086=ORIENTED_EDGE('',*,*,#860,.F.);
#1087=ORIENTED_EDGE('',*,*,#861,.F.);
#1088=ORIENTED_EDGE('',*,*,#849,.T.);
#1089=ORIENTED_EDGE('',*,*,#829,.T.);
#1090=ORIENTED_EDGE('',*,*,#833,.T.);
#1091=ORIENTED_EDGE('',*,*,#837,.T.);
#1092=ORIENTED_EDGE('',*,*,#841,.T.);
#1093=ORIENTED_EDGE('',*,*,#862,.T.);
#1094=ORIENTED_EDGE('',*,*,#863,.T.);
#1095=ORIENTED_EDGE('',*,*,#864,.T.);
#1096=ORIENTED_EDGE('',*,*,#865,.T.);
#1097=ORIENTED_EDGE('',*,*,#866,.F.);
#1098=ORIENTED_EDGE('',*,*,#867,.T.);
#1099=ORIENTED_EDGE('',*,*,#868,.T.);
#1100=ORIENTED_EDGE('',*,*,#869,.T.);
#1101=ORIENTED_EDGE('',*,*,#870,.T.);
#1102=ORIENTED_EDGE('',*,*,#871,.T.);
#1103=ORIENTED_EDGE('',*,*,#872,.T.);
#1104=ORIENTED_EDGE('',*,*,#873,.T.);
#1105=ORIENTED_EDGE('',*,*,#874,.T.);
#1106=ORIENTED_EDGE('',*,*,#875,.T.);
#1107=ORIENTED_EDGE('',*,*,#853,.T.);
#1108=ORIENTED_EDGE('',*,*,#876,.T.);
#1109=ORIENTED_EDGE('',*,*,#875,.F.);
#1110=ORIENTED_EDGE('',*,*,#877,.T.);
#1111=ORIENTED_EDGE('',*,*,#878,.T.);
#1112=ORIENTED_EDGE('',*,*,#854,.F.);
#1113=ORIENTED_EDGE('',*,*,#879,.F.);
#1114=ORIENTED_EDGE('',*,*,#880,.F.);
#1115=ORIENTED_EDGE('',*,*,#881,.F.);
#1116=ORIENTED_EDGE('',*,*,#882,.F.);
#1117=ORIENTED_EDGE('',*,*,#879,.T.);
#1118=ORIENTED_EDGE('',*,*,#883,.F.);
#1119=ORIENTED_EDGE('',*,*,#884,.F.);
#1120=ORIENTED_EDGE('',*,*,#885,.T.);
#1121=ORIENTED_EDGE('',*,*,#886,.T.);
#1122=ORIENTED_EDGE('',*,*,#887,.F.);
#1123=ORIENTED_EDGE('',*,*,#888,.F.);
#1124=ORIENTED_EDGE('',*,*,#889,.F.);
#1125=ORIENTED_EDGE('',*,*,#890,.T.);
#1126=ORIENTED_EDGE('',*,*,#891,.F.);
#1127=ORIENTED_EDGE('',*,*,#892,.F.);
#1128=ORIENTED_EDGE('',*,*,#893,.F.);
#1129=ORIENTED_EDGE('',*,*,#894,.F.);
#1130=ORIENTED_EDGE('',*,*,#895,.F.);
#1131=ORIENTED_EDGE('',*,*,#896,.F.);
#1132=ORIENTED_EDGE('',*,*,#897,.F.);
#1133=ORIENTED_EDGE('',*,*,#898,.F.);
#1134=ORIENTED_EDGE('',*,*,#899,.F.);
#1135=ORIENTED_EDGE('',*,*,#900,.T.);
#1136=ORIENTED_EDGE('',*,*,#901,.F.);
#1137=ORIENTED_EDGE('',*,*,#899,.T.);
#1138=ORIENTED_EDGE('',*,*,#902,.F.);
#1139=ORIENTED_EDGE('',*,*,#903,.T.);
#1140=ORIENTED_EDGE('',*,*,#904,.T.);
#1141=ORIENTED_EDGE('',*,*,#898,.T.);
#1142=ORIENTED_EDGE('',*,*,#905,.F.);
#1143=ORIENTED_EDGE('',*,*,#906,.T.);
#1144=ORIENTED_EDGE('',*,*,#907,.F.);
#1145=ORIENTED_EDGE('',*,*,#870,.F.);
#1146=ORIENTED_EDGE('',*,*,#908,.T.);
#1147=ORIENTED_EDGE('',*,*,#894,.T.);
#1148=ORIENTED_EDGE('',*,*,#909,.F.);
#1149=ORIENTED_EDGE('',*,*,#910,.T.);
#1150=ORIENTED_EDGE('',*,*,#902,.T.);
#1151=ORIENTED_EDGE('',*,*,#892,.T.);
#1152=ORIENTED_EDGE('',*,*,#911,.F.);
#1153=ORIENTED_EDGE('',*,*,#912,.T.);
#1154=ORIENTED_EDGE('',*,*,#913,.T.);
#1155=ORIENTED_EDGE('',*,*,#900,.F.);
#1156=ORIENTED_EDGE('',*,*,#904,.F.);
#1157=ORIENTED_EDGE('',*,*,#914,.T.);
#1158=ORIENTED_EDGE('',*,*,#915,.T.);
#1159=ORIENTED_EDGE('',*,*,#901,.T.);
#1160=ORIENTED_EDGE('',*,*,#913,.F.);
#1161=ORIENTED_EDGE('',*,*,#916,.T.);
#1162=ORIENTED_EDGE('',*,*,#905,.T.);
#1163=ORIENTED_EDGE('',*,*,#891,.T.);
#1164=ORIENTED_EDGE('',*,*,#917,.F.);
#1165=ORIENTED_EDGE('',*,*,#918,.T.);
#1166=ORIENTED_EDGE('',*,*,#919,.F.);
#1167=ORIENTED_EDGE('',*,*,#871,.F.);
#1168=ORIENTED_EDGE('',*,*,#907,.T.);
#1169=ORIENTED_EDGE('',*,*,#920,.T.);
#1170=ORIENTED_EDGE('',*,*,#911,.T.);
#1171=ORIENTED_EDGE('',*,*,#889,.T.);
#1172=ORIENTED_EDGE('',*,*,#921,.F.);
#1173=ORIENTED_EDGE('',*,*,#922,.T.);
#1174=ORIENTED_EDGE('',*,*,#923,.T.);
#1175=ORIENTED_EDGE('',*,*,#922,.F.);
#1176=ORIENTED_EDGE('',*,*,#924,.F.);
#1177=ORIENTED_EDGE('',*,*,#918,.F.);
#1178=ORIENTED_EDGE('',*,*,#925,.F.);
#1179=ORIENTED_EDGE('',*,*,#916,.F.);
#1180=ORIENTED_EDGE('',*,*,#912,.F.);
#1181=ORIENTED_EDGE('',*,*,#920,.F.);
#1182=ORIENTED_EDGE('',*,*,#906,.F.);
#1183=ORIENTED_EDGE('',*,*,#926,.F.);
#1184=ORIENTED_EDGE('',*,*,#927,.F.);
#1185=ORIENTED_EDGE('',*,*,#928,.F.);
#1186=ORIENTED_EDGE('',*,*,#929,.F.);
#1187=ORIENTED_EDGE('',*,*,#903,.F.);
#1188=ORIENTED_EDGE('',*,*,#910,.F.);
#1189=ORIENTED_EDGE('',*,*,#930,.F.);
#1190=ORIENTED_EDGE('',*,*,#914,.F.);
#1191=ORIENTED_EDGE('',*,*,#890,.F.);
#1192=ORIENTED_EDGE('',*,*,#931,.F.);
#1193=ORIENTED_EDGE('',*,*,#927,.T.);
#1194=ORIENTED_EDGE('',*,*,#932,.T.);
#1195=ORIENTED_EDGE('',*,*,#886,.F.);
#1196=ORIENTED_EDGE('',*,*,#923,.F.);
#1197=ORIENTED_EDGE('',*,*,#925,.T.);
#1198=ORIENTED_EDGE('',*,*,#917,.T.);
#1199=ORIENTED_EDGE('',*,*,#887,.T.);
#1200=ORIENTED_EDGE('',*,*,#932,.F.);
#1201=ORIENTED_EDGE('',*,*,#926,.T.);
#1202=ORIENTED_EDGE('',*,*,#933,.T.);
#1203=ORIENTED_EDGE('',*,*,#897,.T.);
#1204=ORIENTED_EDGE('',*,*,#934,.F.);
#1205=ORIENTED_EDGE('',*,*,#928,.T.);
#1206=ORIENTED_EDGE('',*,*,#931,.T.);
#1207=ORIENTED_EDGE('',*,*,#888,.T.);
#1208=ORIENTED_EDGE('',*,*,#933,.F.);
#1209=ORIENTED_EDGE('',*,*,#929,.T.);
#1210=ORIENTED_EDGE('',*,*,#934,.T.);
#1211=ORIENTED_EDGE('',*,*,#896,.T.);
#1212=ORIENTED_EDGE('',*,*,#935,.F.);
#1213=ORIENTED_EDGE('',*,*,#872,.F.);
#1214=ORIENTED_EDGE('',*,*,#919,.T.);
#1215=ORIENTED_EDGE('',*,*,#924,.T.);
#1216=ORIENTED_EDGE('',*,*,#921,.T.);
#1217=ORIENTED_EDGE('',*,*,#936,.T.);
#1218=ORIENTED_EDGE('',*,*,#873,.F.);
#1219=ORIENTED_EDGE('',*,*,#935,.T.);
#1220=ORIENTED_EDGE('',*,*,#895,.T.);
#1221=ORIENTED_EDGE('',*,*,#908,.F.);
#1222=ORIENTED_EDGE('',*,*,#869,.F.);
#1223=ORIENTED_EDGE('',*,*,#937,.T.);
#1224=ORIENTED_EDGE('',*,*,#881,.T.);
#1225=ORIENTED_EDGE('',*,*,#893,.T.);
#1226=ORIENTED_EDGE('',*,*,#915,.F.);
#1227=ORIENTED_EDGE('',*,*,#930,.T.);
#1228=ORIENTED_EDGE('',*,*,#909,.T.);
#1229=ORIENTED_EDGE('',*,*,#938,.F.);
#1230=ORIENTED_EDGE('',*,*,#939,.F.);
#1231=ORIENTED_EDGE('',*,*,#862,.F.);
#1232=ORIENTED_EDGE('',*,*,#936,.F.);
#1233=ORIENTED_EDGE('',*,*,#880,.T.);
#1234=ORIENTED_EDGE('',*,*,#885,.F.);
#1235=ORIENTED_EDGE('',*,*,#940,.F.);
#1236=ORIENTED_EDGE('',*,*,#883,.T.);
#1237=ORIENTED_EDGE('',*,*,#882,.T.);
#1238=ORIENTED_EDGE('',*,*,#937,.F.);
#1239=ORIENTED_EDGE('',*,*,#868,.F.);
#1240=ORIENTED_EDGE('',*,*,#941,.F.);
#1241=ORIENTED_EDGE('',*,*,#939,.T.);
#1242=ORIENTED_EDGE('',*,*,#942,.T.);
#1243=ORIENTED_EDGE('',*,*,#943,.T.);
#1244=ORIENTED_EDGE('',*,*,#863,.F.);
#1245=ORIENTED_EDGE('',*,*,#836,.T.);
#1246=ORIENTED_EDGE('',*,*,#944,.T.);
#1247=ORIENTED_EDGE('',*,*,#945,.F.);
#1248=ORIENTED_EDGE('',*,*,#944,.F.);
#1249=ORIENTED_EDGE('',*,*,#832,.T.);
#1250=ORIENTED_EDGE('',*,*,#946,.T.);
#1251=ORIENTED_EDGE('',*,*,#947,.F.);
#1252=ORIENTED_EDGE('',*,*,#946,.F.);
#1253=ORIENTED_EDGE('',*,*,#840,.T.);
#1254=ORIENTED_EDGE('',*,*,#948,.T.);
#1255=ORIENTED_EDGE('',*,*,#949,.F.);
#1256=ORIENTED_EDGE('',*,*,#948,.F.);
#1257=ORIENTED_EDGE('',*,*,#844,.T.);
#1258=ORIENTED_EDGE('',*,*,#950,.T.);
#1259=ORIENTED_EDGE('',*,*,#951,.F.);
#1260=ORIENTED_EDGE('',*,*,#950,.F.);
#1261=ORIENTED_EDGE('',*,*,#848,.F.);
#1262=ORIENTED_EDGE('',*,*,#952,.T.);
#1263=ORIENTED_EDGE('',*,*,#876,.F.);
#1264=ORIENTED_EDGE('',*,*,#852,.F.);
#1265=ORIENTED_EDGE('',*,*,#953,.T.);
#1266=ORIENTED_EDGE('',*,*,#954,.F.);
#1267=ORIENTED_EDGE('',*,*,#865,.F.);
#1268=ORIENTED_EDGE('',*,*,#955,.F.);
#1269=ORIENTED_EDGE('',*,*,#956,.T.);
#1270=ORIENTED_EDGE('',*,*,#955,.T.);
#1271=ORIENTED_EDGE('',*,*,#864,.F.);
#1272=ORIENTED_EDGE('',*,*,#943,.F.);
#1273=ORIENTED_EDGE('',*,*,#941,.T.);
#1274=ORIENTED_EDGE('',*,*,#867,.F.);
#1275=ORIENTED_EDGE('',*,*,#957,.F.);
#1276=ORIENTED_EDGE('',*,*,#958,.T.);
#1277=ORIENTED_EDGE('',*,*,#954,.T.);
#1278=ORIENTED_EDGE('',*,*,#959,.T.);
#1279=ORIENTED_EDGE('',*,*,#957,.T.);
#1280=ORIENTED_EDGE('',*,*,#866,.T.);
#1281=ORIENTED_EDGE('',*,*,#860,.T.);
#1282=ORIENTED_EDGE('',*,*,#960,.T.);
#1283=ORIENTED_EDGE('',*,*,#961,.T.);
#1284=ORIENTED_EDGE('',*,*,#962,.T.);
#1285=ORIENTED_EDGE('',*,*,#963,.T.);
#1286=ORIENTED_EDGE('',*,*,#964,.T.);
#1287=ORIENTED_EDGE('',*,*,#962,.F.);
#1288=ORIENTED_EDGE('',*,*,#965,.T.);
#1289=ORIENTED_EDGE('',*,*,#966,.F.);
#1290=ORIENTED_EDGE('',*,*,#967,.F.);
#1291=ORIENTED_EDGE('',*,*,#963,.F.);
#1292=ORIENTED_EDGE('',*,*,#967,.T.);
#1293=ORIENTED_EDGE('',*,*,#968,.F.);
#1294=ORIENTED_EDGE('',*,*,#969,.F.);
#1295=ORIENTED_EDGE('',*,*,#970,.T.);
#1296=ORIENTED_EDGE('',*,*,#968,.T.);
#1297=ORIENTED_EDGE('',*,*,#966,.T.);
#1298=ORIENTED_EDGE('',*,*,#971,.T.);
#1299=ORIENTED_EDGE('',*,*,#972,.T.);
#1300=ORIENTED_EDGE('',*,*,#856,.T.);
#1301=ORIENTED_EDGE('',*,*,#973,.F.);
#1302=ORIENTED_EDGE('',*,*,#974,.F.);
#1303=ORIENTED_EDGE('',*,*,#975,.F.);
#1304=ORIENTED_EDGE('',*,*,#976,.F.);
#1305=ORIENTED_EDGE('',*,*,#974,.T.);
#1306=ORIENTED_EDGE('',*,*,#977,.T.);
#1307=ORIENTED_EDGE('',*,*,#978,.F.);
#1308=ORIENTED_EDGE('',*,*,#979,.F.);
#1309=ORIENTED_EDGE('',*,*,#975,.T.);
#1310=ORIENTED_EDGE('',*,*,#979,.T.);
#1311=ORIENTED_EDGE('',*,*,#980,.F.);
#1312=ORIENTED_EDGE('',*,*,#981,.F.);
#1313=ORIENTED_EDGE('',*,*,#982,.T.);
#1314=ORIENTED_EDGE('',*,*,#980,.T.);
#1315=ORIENTED_EDGE('',*,*,#978,.T.);
#1316=ORIENTED_EDGE('',*,*,#983,.T.);
#1317=ORIENTED_EDGE('',*,*,#861,.T.);
#1318=ORIENTED_EDGE('',*,*,#964,.F.);
#1319=ORIENTED_EDGE('',*,*,#969,.T.);
#1320=ORIENTED_EDGE('',*,*,#970,.F.);
#1321=ORIENTED_EDGE('',*,*,#984,.F.);
#1322=ORIENTED_EDGE('',*,*,#850,.F.);
#1323=ORIENTED_EDGE('',*,*,#985,.F.);
#1324=ORIENTED_EDGE('',*,*,#986,.T.);
#1325=ORIENTED_EDGE('',*,*,#960,.F.);
#1326=ORIENTED_EDGE('',*,*,#859,.F.);
#1327=ORIENTED_EDGE('',*,*,#985,.T.);
#1328=ORIENTED_EDGE('',*,*,#858,.T.);
#1329=ORIENTED_EDGE('',*,*,#987,.F.);
#1330=ORIENTED_EDGE('',*,*,#988,.T.);
#1331=ORIENTED_EDGE('',*,*,#987,.T.);
#1332=ORIENTED_EDGE('',*,*,#857,.T.);
#1333=ORIENTED_EDGE('',*,*,#972,.F.);
#1334=ORIENTED_EDGE('',*,*,#989,.F.);
#1335=ORIENTED_EDGE('',*,*,#847,.F.);
#1336=ORIENTED_EDGE('',*,*,#851,.F.);
#1337=ORIENTED_EDGE('',*,*,#984,.T.);
#1338=ORIENTED_EDGE('',*,*,#971,.F.);
#1339=ORIENTED_EDGE('',*,*,#965,.F.);
#1340=ORIENTED_EDGE('',*,*,#961,.F.);
#1341=ORIENTED_EDGE('',*,*,#986,.F.);
#1342=ORIENTED_EDGE('',*,*,#988,.F.);
#1343=ORIENTED_EDGE('',*,*,#989,.T.);
#1344=ORIENTED_EDGE('',*,*,#976,.T.);
#1345=ORIENTED_EDGE('',*,*,#981,.T.);
#1346=ORIENTED_EDGE('',*,*,#982,.F.);
#1347=ORIENTED_EDGE('',*,*,#990,.F.);
#1348=ORIENTED_EDGE('',*,*,#877,.F.);
#1349=ORIENTED_EDGE('',*,*,#874,.F.);
#1350=ORIENTED_EDGE('',*,*,#952,.F.);
#1351=ORIENTED_EDGE('',*,*,#940,.T.);
#1352=ORIENTED_EDGE('',*,*,#958,.F.);
#1353=ORIENTED_EDGE('',*,*,#959,.F.);
#1354=ORIENTED_EDGE('',*,*,#953,.F.);
#1355=ORIENTED_EDGE('',*,*,#956,.F.);
#1356=ORIENTED_EDGE('',*,*,#942,.F.);
#1357=ORIENTED_EDGE('',*,*,#938,.T.);
#1358=ORIENTED_EDGE('',*,*,#884,.T.);
#1359=ORIENTED_EDGE('',*,*,#945,.T.);
#1360=ORIENTED_EDGE('',*,*,#947,.T.);
#1361=ORIENTED_EDGE('',*,*,#949,.T.);
#1362=ORIENTED_EDGE('',*,*,#951,.T.);
#1363=ORIENTED_EDGE('',*,*,#990,.T.);
#1364=ORIENTED_EDGE('',*,*,#983,.F.);
#1365=ORIENTED_EDGE('',*,*,#977,.F.);
#1366=ORIENTED_EDGE('',*,*,#973,.T.);
#1367=ORIENTED_EDGE('',*,*,#855,.F.);
#1368=ORIENTED_EDGE('',*,*,#878,.F.);
#1369=ORIENTED_EDGE('',*,*,#991,.T.);
#1370=ORIENTED_EDGE('',*,*,#992,.T.);
#1371=ORIENTED_EDGE('',*,*,#993,.F.);
#1372=ORIENTED_EDGE('',*,*,#994,.F.);
#1373=ORIENTED_EDGE('',*,*,#995,.T.);
#1374=ORIENTED_EDGE('',*,*,#996,.F.);
#1375=ORIENTED_EDGE('',*,*,#997,.T.);
#1376=ORIENTED_EDGE('',*,*,#998,.F.);
#1377=ORIENTED_EDGE('',*,*,#999,.T.);
#1378=ORIENTED_EDGE('',*,*,#993,.T.);
#1379=ORIENTED_EDGE('',*,*,#1000,.T.);
#1380=ORIENTED_EDGE('',*,*,#1001,.F.);
#1381=ORIENTED_EDGE('',*,*,#1002,.T.);
#1382=ORIENTED_EDGE('',*,*,#1003,.F.);
#1383=ORIENTED_EDGE('',*,*,#1004,.T.);
#1384=ORIENTED_EDGE('',*,*,#1005,.F.);
#1385=ORIENTED_EDGE('',*,*,#1006,.T.);
#1386=ORIENTED_EDGE('',*,*,#1007,.F.);
#1387=ORIENTED_EDGE('',*,*,#1008,.T.);
#1388=ORIENTED_EDGE('',*,*,#1009,.T.);
#1389=ORIENTED_EDGE('',*,*,#1010,.T.);
#1390=ORIENTED_EDGE('',*,*,#1011,.T.);
#1391=ORIENTED_EDGE('',*,*,#1012,.T.);
#1392=ORIENTED_EDGE('',*,*,#1013,.T.);
#1393=ORIENTED_EDGE('',*,*,#996,.T.);
#1394=ORIENTED_EDGE('',*,*,#1014,.T.);
#1395=ORIENTED_EDGE('',*,*,#1013,.F.);
#1396=ORIENTED_EDGE('',*,*,#1015,.F.);
#1397=ORIENTED_EDGE('',*,*,#1016,.F.);
#1398=ORIENTED_EDGE('',*,*,#997,.F.);
#1399=ORIENTED_EDGE('',*,*,#1017,.T.);
#1400=ORIENTED_EDGE('',*,*,#1018,.T.);
#1401=ORIENTED_EDGE('',*,*,#998,.T.);
#1402=ORIENTED_EDGE('',*,*,#1016,.T.);
#1403=ORIENTED_EDGE('',*,*,#1003,.T.);
#1404=ORIENTED_EDGE('',*,*,#1019,.T.);
#1405=ORIENTED_EDGE('',*,*,#1020,.T.);
#1406=ORIENTED_EDGE('',*,*,#1021,.T.);
#1407=ORIENTED_EDGE('',*,*,#1019,.F.);
#1408=ORIENTED_EDGE('',*,*,#1002,.F.);
#1409=ORIENTED_EDGE('',*,*,#1022,.F.);
#1410=ORIENTED_EDGE('',*,*,#1023,.F.);
#1411=ORIENTED_EDGE('',*,*,#1001,.T.);
#1412=ORIENTED_EDGE('',*,*,#1024,.T.);
#1413=ORIENTED_EDGE('',*,*,#1025,.T.);
#1414=ORIENTED_EDGE('',*,*,#1022,.T.);
#1415=ORIENTED_EDGE('',*,*,#1024,.F.);
#1416=ORIENTED_EDGE('',*,*,#1000,.F.);
#1417=ORIENTED_EDGE('',*,*,#1026,.F.);
#1418=ORIENTED_EDGE('',*,*,#1027,.F.);
#1419=ORIENTED_EDGE('',*,*,#1005,.T.);
#1420=ORIENTED_EDGE('',*,*,#1028,.T.);
#1421=ORIENTED_EDGE('',*,*,#1029,.T.);
#1422=ORIENTED_EDGE('',*,*,#1030,.T.);
#1423=ORIENTED_EDGE('',*,*,#1021,.F.);
#1424=ORIENTED_EDGE('',*,*,#1031,.F.);
#1425=ORIENTED_EDGE('',*,*,#1028,.F.);
#1426=ORIENTED_EDGE('',*,*,#1004,.F.);
#1427=ORIENTED_EDGE('',*,*,#1007,.T.);
#1428=ORIENTED_EDGE('',*,*,#1032,.T.);
#1429=ORIENTED_EDGE('',*,*,#1033,.T.);
#1430=ORIENTED_EDGE('',*,*,#1026,.T.);
#1431=ORIENTED_EDGE('',*,*,#1030,.F.);
#1432=ORIENTED_EDGE('',*,*,#1034,.F.);
#1433=ORIENTED_EDGE('',*,*,#1032,.F.);
#1434=ORIENTED_EDGE('',*,*,#1006,.F.);
#1435=ORIENTED_EDGE('',*,*,#1035,.T.);
#1436=ORIENTED_EDGE('',*,*,#1036,.T.);
#1437=ORIENTED_EDGE('',*,*,#1008,.F.);
#1438=ORIENTED_EDGE('',*,*,#1036,.F.);
#1439=ORIENTED_EDGE('',*,*,#1035,.F.);
#1440=ORIENTED_EDGE('',*,*,#1037,.T.);
#1441=ORIENTED_EDGE('',*,*,#1038,.T.);
#1442=ORIENTED_EDGE('',*,*,#1009,.F.);
#1443=ORIENTED_EDGE('',*,*,#1038,.F.);
#1444=ORIENTED_EDGE('',*,*,#1037,.F.);
#1445=ORIENTED_EDGE('',*,*,#1039,.T.);
#1446=ORIENTED_EDGE('',*,*,#1040,.T.);
#1447=ORIENTED_EDGE('',*,*,#1010,.F.);
#1448=ORIENTED_EDGE('',*,*,#1040,.F.);
#1449=ORIENTED_EDGE('',*,*,#1039,.F.);
#1450=ORIENTED_EDGE('',*,*,#1041,.T.);
#1451=ORIENTED_EDGE('',*,*,#1042,.T.);
#1452=ORIENTED_EDGE('',*,*,#1011,.F.);
#1453=ORIENTED_EDGE('',*,*,#1042,.F.);
#1454=ORIENTED_EDGE('',*,*,#1041,.F.);
#1455=ORIENTED_EDGE('',*,*,#1043,.F.);
#1456=ORIENTED_EDGE('',*,*,#1014,.F.);
#1457=ORIENTED_EDGE('',*,*,#995,.F.);
#1458=ORIENTED_EDGE('',*,*,#992,.F.);
#1459=ORIENTED_EDGE('',*,*,#1018,.F.);
#1460=ORIENTED_EDGE('',*,*,#1044,.F.);
#1461=ORIENTED_EDGE('',*,*,#994,.T.);
#1462=ORIENTED_EDGE('',*,*,#999,.F.);
#1463=ORIENTED_EDGE('',*,*,#1043,.T.);
#1464=ORIENTED_EDGE('',*,*,#991,.F.);
#1465=ORIENTED_EDGE('',*,*,#1044,.T.);
#1466=ORIENTED_EDGE('',*,*,#1017,.F.);
#1467=ORIENTED_EDGE('',*,*,#1015,.T.);
#1468=ORIENTED_EDGE('',*,*,#1012,.F.);
#1469=ORIENTED_EDGE('',*,*,#1027,.T.);
#1470=ORIENTED_EDGE('',*,*,#1033,.F.);
#1471=ORIENTED_EDGE('',*,*,#1034,.T.);
#1472=ORIENTED_EDGE('',*,*,#1029,.F.);
#1473=ORIENTED_EDGE('',*,*,#1031,.T.);
#1474=ORIENTED_EDGE('',*,*,#1020,.F.);
#1475=ORIENTED_EDGE('',*,*,#1023,.T.);
#1476=ORIENTED_EDGE('',*,*,#1025,.F.);
#1477=CYLINDRICAL_SURFACE('',#1592,1.55);
#1478=CYLINDRICAL_SURFACE('',#1597,1.55);
#1479=CYLINDRICAL_SURFACE('',#1602,1.55);
#1480=CYLINDRICAL_SURFACE('',#1607,1.55);
#1481=CYLINDRICAL_SURFACE('',#1612,4.);
#1482=CYLINDRICAL_SURFACE('',#1618,4.);
#1483=CYLINDRICAL_SURFACE('',#1645,1.00000000000001);
#1484=CYLINDRICAL_SURFACE('',#1647,1.);
#1485=CYLINDRICAL_SURFACE('',#1649,1.);
#1486=CYLINDRICAL_SURFACE('',#1651,1.00000000000001);
#1487=CYLINDRICAL_SURFACE('',#1684,2.);
#1488=CYLINDRICAL_SURFACE('',#1687,2.);
#1489=CYLINDRICAL_SURFACE('',#1689,2.);
#1490=CYLINDRICAL_SURFACE('',#1692,2.);
#1491=CYLINDRICAL_SURFACE('',#1695,2.);
#1492=CYLINDRICAL_SURFACE('',#1698,2.);
#1493=ADVANCED_FACE('',(#105),#1477,.F.);
#1494=ADVANCED_FACE('',(#106,#21),#41,.T.);
#1495=ADVANCED_FACE('',(#107),#1478,.F.);
#1496=ADVANCED_FACE('',(#108,#22),#42,.T.);
#1497=ADVANCED_FACE('',(#109),#1479,.F.);
#1498=ADVANCED_FACE('',(#110,#23),#43,.T.);
#1499=ADVANCED_FACE('',(#111),#1480,.F.);
#1500=ADVANCED_FACE('',(#112,#24),#44,.T.);
#1501=ADVANCED_FACE('',(#113),#1481,.T.);
#1502=ADVANCED_FACE('',(#114),#45,.T.);
#1503=ADVANCED_FACE('',(#115,#25,#26,#27,#28,#29),#46,.T.);
#1504=ADVANCED_FACE('',(#116),#1482,.T.);
#1505=ADVANCED_FACE('',(#117),#47,.T.);
#1506=ADVANCED_FACE('',(#118),#48,.F.);
#1507=ADVANCED_FACE('',(#119),#49,.F.);
#1508=ADVANCED_FACE('',(#120),#50,.T.);
#1509=ADVANCED_FACE('',(#121),#51,.T.);
#1510=ADVANCED_FACE('',(#122),#52,.T.);
#1511=ADVANCED_FACE('',(#123),#53,.T.);
#1512=ADVANCED_FACE('',(#124),#54,.T.);
#1513=ADVANCED_FACE('',(#125),#55,.T.);
#1514=ADVANCED_FACE('',(#126),#56,.T.);
#1515=ADVANCED_FACE('',(#127),#57,.T.);
#1516=ADVANCED_FACE('',(#128),#58,.T.);
#1517=ADVANCED_FACE('',(#129),#59,.F.);
#1518=ADVANCED_FACE('',(#130),#60,.F.);
#1519=ADVANCED_FACE('',(#131),#61,.F.);
#1520=ADVANCED_FACE('',(#132),#62,.F.);
#1521=ADVANCED_FACE('',(#133),#63,.T.);
#1522=ADVANCED_FACE('',(#134),#64,.T.);
#1523=ADVANCED_FACE('',(#135),#65,.T.);
#1524=ADVANCED_FACE('',(#136),#66,.T.);
#1525=ADVANCED_FACE('',(#137),#67,.T.);
#1526=ADVANCED_FACE('',(#138),#68,.T.);
#1527=ADVANCED_FACE('',(#139),#69,.F.);
#1528=ADVANCED_FACE('',(#140),#70,.F.);
#1529=ADVANCED_FACE('',(#141),#71,.T.);
#1530=ADVANCED_FACE('',(#142),#1483,.F.);
#1531=ADVANCED_FACE('',(#143),#1484,.F.);
#1532=ADVANCED_FACE('',(#144),#1485,.F.);
#1533=ADVANCED_FACE('',(#145),#1486,.F.);
#1534=ADVANCED_FACE('',(#146),#72,.T.);
#1535=ADVANCED_FACE('',(#147),#73,.T.);
#1536=ADVANCED_FACE('',(#148),#74,.T.);
#1537=ADVANCED_FACE('',(#149),#75,.T.);
#1538=ADVANCED_FACE('',(#150),#76,.T.);
#1539=ADVANCED_FACE('',(#151),#77,.F.);
#1540=ADVANCED_FACE('',(#152),#78,.T.);
#1541=ADVANCED_FACE('',(#153),#79,.T.);
#1542=ADVANCED_FACE('',(#154),#80,.T.);
#1543=ADVANCED_FACE('',(#155),#81,.F.);
#1544=ADVANCED_FACE('',(#156),#82,.T.);
#1545=ADVANCED_FACE('',(#157),#83,.T.);
#1546=ADVANCED_FACE('',(#158),#84,.T.);
#1547=ADVANCED_FACE('',(#159),#85,.T.);
#1548=ADVANCED_FACE('',(#160),#86,.T.);
#1549=ADVANCED_FACE('',(#161),#87,.T.);
#1550=ADVANCED_FACE('',(#162),#88,.T.);
#1551=ADVANCED_FACE('',(#163,#30,#31,#32,#33,#34),#89,.T.);
#1552=ADVANCED_FACE('',(#164),#90,.T.);
#1553=ADVANCED_FACE('',(#165),#91,.T.);
#1554=ADVANCED_FACE('',(#166,#35,#36,#37,#38,#39),#92,.F.);
#1555=ADVANCED_FACE('',(#167),#1487,.T.);
#1556=ADVANCED_FACE('',(#168),#93,.T.);
#1557=ADVANCED_FACE('',(#169),#1488,.T.);
#1558=ADVANCED_FACE('',(#170),#1489,.F.);
#1559=ADVANCED_FACE('',(#171),#94,.F.);
#1560=ADVANCED_FACE('',(#172),#1490,.F.);
#1561=ADVANCED_FACE('',(#173),#95,.F.);
#1562=ADVANCED_FACE('',(#174),#1491,.F.);
#1563=ADVANCED_FACE('',(#175),#96,.F.);
#1564=ADVANCED_FACE('',(#176),#1492,.F.);
#1565=ADVANCED_FACE('',(#177),#97,.F.);
#1566=ADVANCED_FACE('',(#178),#13,.T.);
#1567=ADVANCED_FACE('',(#179),#98,.T.);
#1568=ADVANCED_FACE('',(#180),#14,.T.);
#1569=ADVANCED_FACE('',(#181),#99,.T.);
#1570=ADVANCED_FACE('',(#182),#15,.T.);
#1571=ADVANCED_FACE('',(#183),#100,.T.);
#1572=ADVANCED_FACE('',(#184),#16,.T.);
#1573=ADVANCED_FACE('',(#185),#101,.T.);
#1574=ADVANCED_FACE('',(#186),#102,.T.);
#1575=ADVANCED_FACE('',(#187),#103,.T.);
#1576=ADVANCED_FACE('',(#188,#40),#104,.T.);
#1577=CLOSED_SHELL('',(#1493,#1494,#1495,#1496,#1497,#1498,#1499,#1500,
#1501,#1502,#1503,#1504,#1505,#1506,#1507,#1508,#1509,#1510,#1511,#1512,
#1513,#1514,#1515,#1516,#1517,#1518,#1519,#1520,#1521,#1522,#1523,#1524,
#1525,#1526,#1527,#1528,#1529,#1530,#1531,#1532,#1533,#1534,#1535,#1536,
#1537,#1538,#1539,#1540,#1541,#1542,#1543,#1544,#1545,#1546,#1547,#1548,
#1549,#1550,#1551,#1552));
#1578=CLOSED_SHELL('',(#1553,#1554,#1555,#1556,#1557,#1558,#1559,#1560,
#1561,#1562,#1563,#1564,#1565,#1566,#1567,#1568,#1569,#1570,#1571,#1572,
#1573,#1574,#1575,#1576));
#1579=DERIVED_UNIT_ELEMENT(#1581,1.);
#1580=DERIVED_UNIT_ELEMENT(#2592,-3.);
#1581=(
MASS_UNIT()
NAMED_UNIT(*)
SI_UNIT(.KILO.,.GRAM.)
);
#1582=DERIVED_UNIT((#1579,#1580));
#1583=MEASURE_REPRESENTATION_ITEM('density measure',
POSITIVE_RATIO_MEASURE(7850.),#1582);
#1584=PROPERTY_DEFINITION_REPRESENTATION(#1589,#1586);
#1585=PROPERTY_DEFINITION_REPRESENTATION(#1590,#1587);
#1586=REPRESENTATION('material name',(#1588),#2589);
#1587=REPRESENTATION('density',(#1583),#2589);
#1588=DESCRIPTIVE_REPRESENTATION_ITEM('Steel','Steel');
#1589=PROPERTY_DEFINITION('material property','material name',#2599);
#1590=PROPERTY_DEFINITION('material property','density of part',#2599);
#1591=AXIS2_PLACEMENT_3D('',#2142,#1716,#1717);
#1592=AXIS2_PLACEMENT_3D('',#2143,#1718,#1719);
#1593=AXIS2_PLACEMENT_3D('',#2145,#1720,#1721);
#1594=AXIS2_PLACEMENT_3D('',#2148,#1723,#1724);
#1595=AXIS2_PLACEMENT_3D('',#2149,#1725,#1726);
#1596=AXIS2_PLACEMENT_3D('',#2151,#1727,#1728);
#1597=AXIS2_PLACEMENT_3D('',#2152,#1729,#1730);
#1598=AXIS2_PLACEMENT_3D('',#2154,#1731,#1732);
#1599=AXIS2_PLACEMENT_3D('',#2157,#1734,#1735);
#1600=AXIS2_PLACEMENT_3D('',#2158,#1736,#1737);
#1601=AXIS2_PLACEMENT_3D('',#2160,#1738,#1739);
#1602=AXIS2_PLACEMENT_3D('',#2161,#1740,#1741);
#1603=AXIS2_PLACEMENT_3D('',#2163,#1742,#1743);
#1604=AXIS2_PLACEMENT_3D('',#2166,#1745,#1746);
#1605=AXIS2_PLACEMENT_3D('',#2167,#1747,#1748);
#1606=AXIS2_PLACEMENT_3D('',#2169,#1749,#1750);
#1607=AXIS2_PLACEMENT_3D('',#2170,#1751,#1752);
#1608=AXIS2_PLACEMENT_3D('',#2172,#1753,#1754);
#1609=AXIS2_PLACEMENT_3D('',#2175,#1756,#1757);
#1610=AXIS2_PLACEMENT_3D('',#2176,#1758,#1759);
#1611=AXIS2_PLACEMENT_3D('',#2178,#1760,#1761);
#1612=AXIS2_PLACEMENT_3D('',#2179,#1762,#1763);
#1613=AXIS2_PLACEMENT_3D('',#2182,#1764,#1765);
#1614=AXIS2_PLACEMENT_3D('',#2186,#1767,#1768);
#1615=AXIS2_PLACEMENT_3D('',#2188,#1770,#1771);
#1616=AXIS2_PLACEMENT_3D('',#2194,#1775,#1776);
#1617=AXIS2_PLACEMENT_3D('',#2198,#1778,#1779);
#1618=AXIS2_PLACEMENT_3D('',#2238,#1800,#1801);
#1619=AXIS2_PLACEMENT_3D('',#2241,#1802,#1803);
#1620=AXIS2_PLACEMENT_3D('',#2244,#1806,#1807);
#1621=AXIS2_PLACEMENT_3D('',#2248,#1810,#1811);
#1622=AXIS2_PLACEMENT_3D('',#2257,#1816,#1817);
#1623=AXIS2_PLACEMENT_3D('',#2263,#1821,#1822);
#1624=AXIS2_PLACEMENT_3D('',#2272,#1827,#1828);
#1625=AXIS2_PLACEMENT_3D('',#2289,#1837,#1838);
#1626=AXIS2_PLACEMENT_3D('',#2298,#1843,#1844);
#1627=AXIS2_PLACEMENT_3D('',#2304,#1848,#1849);
#1628=AXIS2_PLACEMENT_3D('',#2314,#1856,#1857);
#1629=AXIS2_PLACEMENT_3D('',#2323,#1863,#1864);
#1630=AXIS2_PLACEMENT_3D('',#2325,#1866,#1867);
#1631=AXIS2_PLACEMENT_3D('',#2332,#1872,#1873);
#1632=AXIS2_PLACEMENT_3D('',#2338,#1877,#1878);
#1633=AXIS2_PLACEMENT_3D('',#2341,#1881,#1882);
#1634=AXIS2_PLACEMENT_3D('',#2342,#1883,#1884);
#1635=AXIS2_PLACEMENT_3D('',#2351,#1889,#1890);
#1636=AXIS2_PLACEMENT_3D('',#2353,#1892,#1893);
#1637=AXIS2_PLACEMENT_3D('',#2356,#1896,#1897);
#1638=AXIS2_PLACEMENT_3D('',#2358,#1899,#1900);
#1639=AXIS2_PLACEMENT_3D('',#2360,#1902,#1903);
#1640=AXIS2_PLACEMENT_3D('',#2362,#1905,#1906);
#1641=AXIS2_PLACEMENT_3D('',#2365,#1909,#1910);
#1642=AXIS2_PLACEMENT_3D('',#2366,#1911,#1912);
#1643=AXIS2_PLACEMENT_3D('',#2370,#1915,#1916);
#1644=AXIS2_PLACEMENT_3D('',#2374,#1919,#1920);
#1645=AXIS2_PLACEMENT_3D('',#2378,#1923,#1924);
#1646=AXIS2_PLACEMENT_3D('',#2381,#1926,#1927);
#1647=AXIS2_PLACEMENT_3D('',#2382,#1928,#1929);
#1648=AXIS2_PLACEMENT_3D('',#2385,#1931,#1932);
#1649=AXIS2_PLACEMENT_3D('',#2386,#1933,#1934);
#1650=AXIS2_PLACEMENT_3D('',#2389,#1936,#1937);
#1651=AXIS2_PLACEMENT_3D('',#2390,#1938,#1939);
#1652=AXIS2_PLACEMENT_3D('',#2393,#1941,#1942);
#1653=AXIS2_PLACEMENT_3D('',#2394,#1943,#1944);
#1654=AXIS2_PLACEMENT_3D('',#2396,#1946,#1947);
#1655=AXIS2_PLACEMENT_3D('',#2402,#1951,#1952);
#1656=AXIS2_PLACEMENT_3D('',#2404,#1954,#1955);
#1657=AXIS2_PLACEMENT_3D('',#2408,#1958,#1959);
#1658=AXIS2_PLACEMENT_3D('',#2410,#1961,#1962);
#1659=AXIS2_PLACEMENT_3D('',#2420,#1968,#1969);
#1660=AXIS2_PLACEMENT_3D('',#2426,#1973,#1974);
#1661=AXIS2_PLACEMENT_3D('',#2430,#1977,#1978);
#1662=AXIS2_PLACEMENT_3D('',#2434,#1981,#1982);
#1663=AXIS2_PLACEMENT_3D('',#2444,#1988,#1989);
#1664=AXIS2_PLACEMENT_3D('',#2450,#1993,#1994);
#1665=AXIS2_PLACEMENT_3D('',#2454,#1997,#1998);
#1666=AXIS2_PLACEMENT_3D('',#2458,#2001,#2002);
#1667=AXIS2_PLACEMENT_3D('',#2460,#2004,#2005);
#1668=AXIS2_PLACEMENT_3D('',#2464,#2008,#2009);
#1669=AXIS2_PLACEMENT_3D('',#2468,#2012,#2013);
#1670=AXIS2_PLACEMENT_3D('',#2470,#2015,#2016);
#1671=AXIS2_PLACEMENT_3D('',#2472,#2018,#2019);
#1672=AXIS2_PLACEMENT_3D('',#2473,#2020,#2021);
#1673=AXIS2_PLACEMENT_3D('',#2482,#2026,#2027);
#1674=AXIS2_PLACEMENT_3D('',#2486,#2029,#2030);
#1675=AXIS2_PLACEMENT_3D('',#2490,#2032,#2033);
#1676=AXIS2_PLACEMENT_3D('',#2496,#2036,#2037);
#1677=AXIS2_PLACEMENT_3D('',#2500,#2039,#2040);
#1678=AXIS2_PLACEMENT_3D('',#2504,#2042,#2043);
#1679=AXIS2_PLACEMENT_3D('',#2507,#2045,#2046);
#1680=AXIS2_PLACEMENT_3D('',#2509,#2047,#2048);
#1681=AXIS2_PLACEMENT_3D('',#2511,#2049,#2050);
#1682=AXIS2_PLACEMENT_3D('',#2513,#2051,#2052);
#1683=AXIS2_PLACEMENT_3D('',#2515,#2053,#2054);
#1684=AXIS2_PLACEMENT_3D('',#2516,#2055,#2056);
#1685=AXIS2_PLACEMENT_3D('',#2519,#2057,#2058);
#1686=AXIS2_PLACEMENT_3D('',#2522,#2061,#2062);
#1687=AXIS2_PLACEMENT_3D('',#2526,#2065,#2066);
#1688=AXIS2_PLACEMENT_3D('',#2528,#2067,#2068);
#1689=AXIS2_PLACEMENT_3D('',#2530,#2070,#2071);
#1690=AXIS2_PLACEMENT_3D('',#2534,#2073,#2074);
#1691=AXIS2_PLACEMENT_3D('',#2536,#2076,#2077);
#1692=AXIS2_PLACEMENT_3D('',#2540,#2080,#2081);
#1693=AXIS2_PLACEMENT_3D('',#2543,#2083,#2084);
#1694=AXIS2_PLACEMENT_3D('',#2544,#2085,#2086);
#1695=AXIS2_PLACEMENT_3D('',#2548,#2089,#2090);
#1696=AXIS2_PLACEMENT_3D('',#2552,#2092,#2093);
#1697=AXIS2_PLACEMENT_3D('',#2554,#2095,#2096);
#1698=AXIS2_PLACEMENT_3D('',#2556,#2098,#2099);
#1699=AXIS2_PLACEMENT_3D('',#2559,#2101,#2102);
#1700=AXIS2_PLACEMENT_3D('',#2560,#2103,#2104);
#1701=AXIS2_PLACEMENT_3D('',#2562,#2106,#2107);
#1702=AXIS2_PLACEMENT_3D('',#2564,#2108,#2109);
#1703=AXIS2_PLACEMENT_3D('',#2566,#2111,#2112);
#1704=AXIS2_PLACEMENT_3D('',#2567,#2113,#2114);
#1705=AXIS2_PLACEMENT_3D('',#2569,#2115,#2116);
#1706=AXIS2_PLACEMENT_3D('',#2571,#2118,#2119);
#1707=AXIS2_PLACEMENT_3D('',#2572,#2120,#2121);
#1708=AXIS2_PLACEMENT_3D('',#2574,#2122,#2123);
#1709=AXIS2_PLACEMENT_3D('',#2576,#2125,#2126);
#1710=AXIS2_PLACEMENT_3D('',#2577,#2127,#2128);
#1711=AXIS2_PLACEMENT_3D('',#2579,#2129,#2130);
#1712=AXIS2_PLACEMENT_3D('',#2581,#2132,#2133);
#1713=AXIS2_PLACEMENT_3D('',#2582,#2134,#2135);
#1714=AXIS2_PLACEMENT_3D('',#2584,#2137,#2138);
#1715=AXIS2_PLACEMENT_3D('',#2586,#2140,#2141);
#1716=DIRECTION('axis',(0.,0.,1.));
#1717=DIRECTION('refdir',(1.,0.,0.));
#1718=DIRECTION('center_axis',(0.,1.,0.));
#1719=DIRECTION('ref_axis',(1.,0.,0.));
#1720=DIRECTION('center_axis',(0.,1.,0.));
#1721=DIRECTION('ref_axis',(1.,0.,0.));
#1722=DIRECTION('',(0.,1.,0.));
#1723=DIRECTION('center_axis',(0.,1.,0.));
#1724=DIRECTION('ref_axis',(1.,0.,0.));
#1725=DIRECTION('center_axis',(0.,-1.,0.));
#1726=DIRECTION('ref_axis',(1.,0.,0.));
#1727=DIRECTION('center_axis',(0.,-1.,0.));
#1728=DIRECTION('ref_axis',(-1.,0.,0.));
#1729=DIRECTION('center_axis',(0.,1.,0.));
#1730=DIRECTION('ref_axis',(1.,0.,0.));
#1731=DIRECTION('center_axis',(0.,1.,0.));
#1732=DIRECTION('ref_axis',(1.,0.,0.));
#1733=DIRECTION('',(0.,1.,0.));
#1734=DIRECTION('center_axis',(0.,1.,0.));
#1735=DIRECTION('ref_axis',(1.,0.,0.));
#1736=DIRECTION('center_axis',(0.,-1.,0.));
#1737=DIRECTION('ref_axis',(1.,0.,0.));
#1738=DIRECTION('center_axis',(0.,-1.,0.));
#1739=DIRECTION('ref_axis',(-1.,0.,0.));
#1740=DIRECTION('center_axis',(0.,1.,0.));
#1741=DIRECTION('ref_axis',(1.,0.,0.));
#1742=DIRECTION('center_axis',(0.,1.,0.));
#1743=DIRECTION('ref_axis',(1.,0.,0.));
#1744=DIRECTION('',(0.,1.,0.));
#1745=DIRECTION('center_axis',(0.,1.,0.));
#1746=DIRECTION('ref_axis',(1.,0.,0.));
#1747=DIRECTION('center_axis',(0.,-1.,0.));
#1748=DIRECTION('ref_axis',(1.,0.,0.));
#1749=DIRECTION('center_axis',(0.,-1.,0.));
#1750=DIRECTION('ref_axis',(-1.,0.,0.));
#1751=DIRECTION('center_axis',(0.,1.,0.));
#1752=DIRECTION('ref_axis',(1.,0.,0.));
#1753=DIRECTION('center_axis',(0.,1.,0.));
#1754=DIRECTION('ref_axis',(1.,0.,0.));
#1755=DIRECTION('',(0.,1.,0.));
#1756=DIRECTION('center_axis',(0.,1.,0.));
#1757=DIRECTION('ref_axis',(1.,0.,0.));
#1758=DIRECTION('center_axis',(0.,-1.,0.));
#1759=DIRECTION('ref_axis',(1.,0.,0.));
#1760=DIRECTION('center_axis',(0.,-1.,0.));
#1761=DIRECTION('ref_axis',(-1.,0.,0.));
#1762=DIRECTION('center_axis',(0.,-1.,0.));
#1763=DIRECTION('ref_axis',(-0.150864215988384,0.,-0.988554494367514));
#1764=DIRECTION('center_axis',(0.,1.,0.));
#1765=DIRECTION('ref_axis',(-0.150864215988384,0.,-0.988554494367514));
#1766=DIRECTION('',(0.,1.,0.));
#1767=DIRECTION('center_axis',(2.96059473233374E-15,-1.,0.));
#1768=DIRECTION('ref_axis',(-0.150864215988384,0.,-0.988554494367514));
#1769=DIRECTION('',(0.,-1.,0.));
#1770=DIRECTION('center_axis',(-0.298274997509096,0.,-0.954479976668421));
#1771=DIRECTION('ref_axis',(0.954479976668421,0.,-0.298274997509096));
#1772=DIRECTION('',(0.954479976668421,0.,-0.298274997509096));
#1773=DIRECTION('',(0.,1.,0.));
#1774=DIRECTION('',(0.954479976668421,0.,-0.298274997509096));
#1775=DIRECTION('center_axis',(0.,-1.,0.));
#1776=DIRECTION('ref_axis',(1.,0.,0.));
#1777=DIRECTION('',(1.,0.,0.));
#1778=DIRECTION('center_axis',(0.,1.,0.));
#1779=DIRECTION('ref_axis',(0.233707224163716,0.,-0.972307016005588));
#1780=DIRECTION('',(0.890761866747381,0.,0.454470347491143));
#1781=DIRECTION('',(0.,0.,1.));
#1782=DIRECTION('',(1.,0.,0.));
#1783=DIRECTION('',(0.,0.,1.));
#1784=DIRECTION('',(1.,3.66844266241479E-17,0.));
#1785=DIRECTION('',(0.,0.,1.));
#1786=DIRECTION('',(1.,0.,0.));
#1787=DIRECTION('',(0.,0.,1.));
#1788=DIRECTION('',(-1.,0.,0.));
#1789=DIRECTION('',(0.,0.,-1.));
#1790=DIRECTION('',(-1.,0.,0.));
#1791=DIRECTION('',(0.,0.,1.));
#1792=DIRECTION('',(-1.,0.,0.));
#1793=DIRECTION('',(0.,0.,-1.));
#1794=DIRECTION('',(1.,0.,0.));
#1795=DIRECTION('',(0.,0.,1.));
#1796=DIRECTION('',(1.,0.,6.93889390390723E-17));
#1797=DIRECTION('',(0.,0.,-1.));
#1798=DIRECTION('',(-1.,0.,0.));
#1799=DIRECTION('',(0.,0.,1.));
#1800=DIRECTION('center_axis',(0.,1.,0.));
#1801=DIRECTION('ref_axis',(0.233707224163716,0.,-0.972307016005588));
#1802=DIRECTION('center_axis',(2.96059473233374E-15,-1.,0.));
#1803=DIRECTION('ref_axis',(0.233707224163716,0.,-0.972307016005588));
#1804=DIRECTION('',(0.,-1.,0.));
#1805=DIRECTION('',(0.,1.,0.));
#1806=DIRECTION('center_axis',(0.454470347491143,0.,-0.890761866747381));
#1807=DIRECTION('ref_axis',(0.890761866747381,0.,0.454470347491143));
#1808=DIRECTION('',(0.890761866747381,0.,0.454470347491143));
#1809=DIRECTION('',(0.,-1.,0.));
#1810=DIRECTION('center_axis',(0.,1.,0.));
#1811=DIRECTION('ref_axis',(0.,0.,1.));
#1812=DIRECTION('',(0.,0.,1.));
#1813=DIRECTION('',(-1.,0.,0.));
#1814=DIRECTION('',(0.,0.,-1.));
#1815=DIRECTION('',(1.,0.,0.));
#1816=DIRECTION('center_axis',(1.,0.,0.));
#1817=DIRECTION('ref_axis',(0.,0.,1.));
#1818=DIRECTION('',(0.,-1.,0.));
#1819=DIRECTION('',(0.,0.,1.));
#1820=DIRECTION('',(0.,-1.,0.));
#1821=DIRECTION('center_axis',(0.,-1.,0.));
#1822=DIRECTION('ref_axis',(0.,0.,-1.));
#1823=DIRECTION('',(-1.,0.,0.));
#1824=DIRECTION('',(0.,0.,1.));
#1825=DIRECTION('',(-1.,0.,0.));
#1826=DIRECTION('',(0.,0.,-1.));
#1827=DIRECTION('center_axis',(0.,-1.,0.));
#1828=DIRECTION('ref_axis',(0.,0.,-1.));
#1829=DIRECTION('',(1.,0.,0.));
#1830=DIRECTION('',(0.,0.,-1.));
#1831=DIRECTION('',(1.,0.,0.));
#1832=DIRECTION('',(0.,0.,-1.));
#1833=DIRECTION('',(1.,0.,6.93889390390723E-17));
#1834=DIRECTION('',(0.,0.,1.));
#1835=DIRECTION('',(-1.,0.,0.));
#1836=DIRECTION('',(0.,0.,-1.));
#1837=DIRECTION('center_axis',(0.,-1.,0.));
#1838=DIRECTION('ref_axis',(0.,0.,-1.));
#1839=DIRECTION('',(1.,0.,6.93889390390723E-17));
#1840=DIRECTION('',(0.,0.,1.));
#1841=DIRECTION('',(1.,0.,0.));
#1842=DIRECTION('',(0.,0.,-1.));
#1843=DIRECTION('center_axis',(1.,0.,0.));
#1844=DIRECTION('ref_axis',(0.,0.,-1.));
#1845=DIRECTION('',(0.,1.,0.));
#1846=DIRECTION('',(0.,0.,-1.));
#1847=DIRECTION('',(0.,1.,0.));
#1848=DIRECTION('center_axis',(6.93889390390723E-17,0.,-1.));
#1849=DIRECTION('ref_axis',(-1.,0.,-6.93889390390723E-17));
#1850=DIRECTION('',(0.,1.,0.));
#1851=DIRECTION('',(1.,0.,0.));
#1852=DIRECTION('',(0.,1.,0.));
#1853=DIRECTION('',(0.,1.,0.));
#1854=DIRECTION('',(0.,1.,0.));
#1855=DIRECTION('',(1.,0.,0.));
#1856=DIRECTION('center_axis',(0.,0.,-1.));
#1857=DIRECTION('ref_axis',(-1.,0.,0.));
#1858=DIRECTION('',(0.,1.,0.));
#1859=DIRECTION('',(-1.,0.,0.));
#1860=DIRECTION('',(0.,1.,0.));
#1861=DIRECTION('',(-1.,0.,0.));
#1862=DIRECTION('',(0.,1.,0.));
#1863=DIRECTION('center_axis',(-1.,0.,0.));
#1864=DIRECTION('ref_axis',(0.,0.,1.));
#1865=DIRECTION('',(0.,0.,1.));
#1866=DIRECTION('center_axis',(-1.,0.,0.));
#1867=DIRECTION('ref_axis',(0.,0.,1.));
#1868=DIRECTION('',(0.,1.,0.));
#1869=DIRECTION('',(0.,0.,-1.));
#1870=DIRECTION('',(0.,1.,0.));
#1871=DIRECTION('',(0.,0.,-1.));
#1872=DIRECTION('center_axis',(-1.,0.,0.));
#1873=DIRECTION('ref_axis',(0.,0.,1.));
#1874=DIRECTION('',(0.,1.,0.));
#1875=DIRECTION('',(0.,0.,1.));
#1876=DIRECTION('',(0.,1.,0.));
#1877=DIRECTION('center_axis',(0.,1.,0.));
#1878=DIRECTION('ref_axis',(0.,0.,1.));
#1879=DIRECTION('',(-1.,0.,0.));
#1880=DIRECTION('',(1.,0.,0.));
#1881=DIRECTION('center_axis',(0.,1.,0.));
#1882=DIRECTION('ref_axis',(0.,0.,1.));
#1883=DIRECTION('center_axis',(0.,1.,0.));
#1884=DIRECTION('ref_axis',(0.,0.,1.));
#1885=DIRECTION('',(0.,0.,-1.));
#1886=DIRECTION('',(1.,0.,0.));
#1887=DIRECTION('',(0.,0.,1.));
#1888=DIRECTION('',(-1.,0.,0.));
#1889=DIRECTION('center_axis',(0.,1.,0.));
#1890=DIRECTION('ref_axis',(0.,0.,1.));
#1891=DIRECTION('',(0.,0.,1.));
#1892=DIRECTION('center_axis',(0.,0.,1.));
#1893=DIRECTION('ref_axis',(1.,0.,0.));
#1894=DIRECTION('',(0.,1.,0.));
#1895=DIRECTION('',(0.,1.,0.));
#1896=DIRECTION('center_axis',(1.,0.,0.));
#1897=DIRECTION('ref_axis',(0.,0.,-1.));
#1898=DIRECTION('',(0.,1.,0.));
#1899=DIRECTION('center_axis',(-1.,0.,0.));
#1900=DIRECTION('ref_axis',(0.,0.,1.));
#1901=DIRECTION('',(0.,1.,0.));
#1902=DIRECTION('center_axis',(0.,0.,1.));
#1903=DIRECTION('ref_axis',(1.,0.,0.));
#1904=DIRECTION('',(0.,1.,0.));
#1905=DIRECTION('center_axis',(1.,0.,0.));
#1906=DIRECTION('ref_axis',(0.,0.,-1.));
#1907=DIRECTION('',(0.,-1.,0.));
#1908=DIRECTION('',(0.,1.,0.));
#1909=DIRECTION('center_axis',(-1.,0.,0.));
#1910=DIRECTION('ref_axis',(0.,0.,1.));
#1911=DIRECTION('center_axis',(0.,0.,-1.));
#1912=DIRECTION('ref_axis',(1.,0.,0.));
#1913=DIRECTION('',(1.,2.96059473233374E-15,0.));
#1914=DIRECTION('',(0.,1.,0.));
#1915=DIRECTION('center_axis',(0.,0.,1.));
#1916=DIRECTION('ref_axis',(-1.,0.,0.));
#1917=DIRECTION('',(-1.,-2.96059473233374E-15,0.));
#1918=DIRECTION('',(0.,-1.,0.));
#1919=DIRECTION('center_axis',(-1.,0.,0.));
#1920=DIRECTION('ref_axis',(0.,0.,-1.));
#1921=DIRECTION('',(0.,0.,-1.));
#1922=DIRECTION('',(0.,-1.,0.));
#1923=DIRECTION('center_axis',(0.,-1.,0.));
#1924=DIRECTION('ref_axis',(-1.,0.,0.));
#1925=DIRECTION('',(0.,1.,0.));
#1926=DIRECTION('center_axis',(0.,-1.,0.));
#1927=DIRECTION('ref_axis',(-1.,0.,0.));
#1928=DIRECTION('center_axis',(0.,-1.,0.));
#1929=DIRECTION('ref_axis',(-1.,0.,0.));
#1930=DIRECTION('',(0.,1.,0.));
#1931=DIRECTION('center_axis',(0.,-1.,0.));
#1932=DIRECTION('ref_axis',(-1.,0.,0.));
#1933=DIRECTION('center_axis',(0.,-1.,0.));
#1934=DIRECTION('ref_axis',(-1.,0.,0.));
#1935=DIRECTION('',(0.,1.,0.));
#1936=DIRECTION('center_axis',(0.,-1.,0.));
#1937=DIRECTION('ref_axis',(-1.,0.,0.));
#1938=DIRECTION('center_axis',(0.,-1.,0.));
#1939=DIRECTION('ref_axis',(-1.,0.,0.));
#1940=DIRECTION('',(0.,1.,0.));
#1941=DIRECTION('center_axis',(0.,-1.,0.));
#1942=DIRECTION('ref_axis',(-1.,0.,0.));
#1943=DIRECTION('center_axis',(0.,0.,-1.));
#1944=DIRECTION('ref_axis',(1.,0.,0.));
#1945=DIRECTION('',(1.,0.,0.));
#1946=DIRECTION('center_axis',(1.,0.,0.));
#1947=DIRECTION('ref_axis',(0.,0.,1.));
#1948=DIRECTION('',(0.,0.,1.));
#1949=DIRECTION('',(0.,1.,0.));
#1950=DIRECTION('',(0.,-1.,0.));
#1951=DIRECTION('center_axis',(0.,0.,1.));
#1952=DIRECTION('ref_axis',(-1.,0.,0.));
#1953=DIRECTION('',(-1.,0.,0.));
#1954=DIRECTION('center_axis',(-1.,0.,0.));
#1955=DIRECTION('ref_axis',(0.,0.,-1.));
#1956=DIRECTION('',(0.,-1.,0.));
#1957=DIRECTION('',(0.,0.,-1.));
#1958=DIRECTION('center_axis',(0.,0.,-1.));
#1959=DIRECTION('ref_axis',(-1.,0.,0.));
#1960=DIRECTION('',(1.,2.96059473233374E-15,0.));
#1961=DIRECTION('center_axis',(0.,0.,1.));
#1962=DIRECTION('ref_axis',(-1.,0.,0.));
#1963=DIRECTION('',(0.,1.,0.));
#1964=DIRECTION('',(1.,-1.11022302462516E-15,0.));
#1965=DIRECTION('',(4.43996789199273E-16,-1.,0.));
#1966=DIRECTION('',(-1.,0.,0.));
#1967=DIRECTION('',(0.,1.,0.));
#1968=DIRECTION('center_axis',(1.,4.43996789199273E-16,0.));
#1969=DIRECTION('ref_axis',(-4.43996789199273E-16,1.,0.));
#1970=DIRECTION('',(0.,0.,1.));
#1971=DIRECTION('',(-4.43996789199273E-16,1.,0.));
#1972=DIRECTION('',(0.,0.,1.));
#1973=DIRECTION('center_axis',(0.,-1.,0.));
#1974=DIRECTION('ref_axis',(1.,0.,0.));
#1975=DIRECTION('',(1.,0.,0.));
#1976=DIRECTION('',(0.,0.,1.));
#1977=DIRECTION('center_axis',(0.,0.,1.));
#1978=DIRECTION('ref_axis',(1.,0.,0.));
#1979=DIRECTION('',(0.,-1.,0.));
#1980=DIRECTION('',(-1.,1.11022302462516E-15,0.));
#1981=DIRECTION('center_axis',(0.,0.,1.));
#1982=DIRECTION('ref_axis',(-1.,0.,0.));
#1983=DIRECTION('',(0.,-1.,0.));
#1984=DIRECTION('',(0.,1.,0.));
#1985=DIRECTION('',(1.,0.,0.));
#1986=DIRECTION('',(0.,-1.,0.));
#1987=DIRECTION('',(-1.,0.,0.));
#1988=DIRECTION('center_axis',(0.,-1.,0.));
#1989=DIRECTION('ref_axis',(1.,0.,0.));
#1990=DIRECTION('',(0.,0.,1.));
#1991=DIRECTION('',(1.,0.,0.));
#1992=DIRECTION('',(0.,0.,1.));
#1993=DIRECTION('center_axis',(-1.,0.,0.));
#1994=DIRECTION('ref_axis',(0.,-1.,0.));
#1995=DIRECTION('',(0.,-1.,0.));
#1996=DIRECTION('',(0.,0.,1.));
#1997=DIRECTION('center_axis',(0.,0.,1.));
#1998=DIRECTION('ref_axis',(1.,0.,0.));
#1999=DIRECTION('',(-1.,0.,0.));
#2000=DIRECTION('',(0.,1.,0.));
#2001=DIRECTION('center_axis',(-1.,0.,0.));
#2002=DIRECTION('ref_axis',(0.,-1.,0.));
#2003=DIRECTION('',(0.,0.,1.));
#2004=DIRECTION('center_axis',(1.,0.,0.));
#2005=DIRECTION('ref_axis',(0.,1.,0.));
#2006=DIRECTION('',(0.,-1.,0.));
#2007=DIRECTION('',(0.,0.,1.));
#2008=DIRECTION('center_axis',(0.,0.,1.));
#2009=DIRECTION('ref_axis',(1.,0.,0.));
#2010=DIRECTION('',(0.,-1.,0.));
#2011=DIRECTION('',(-1.,-4.42981755461409E-17,0.));
#2012=DIRECTION('center_axis',(-1.,0.,0.));
#2013=DIRECTION('ref_axis',(0.,-1.,0.));
#2014=DIRECTION('',(0.,0.,1.));
#2015=DIRECTION('center_axis',(-2.96059473233374E-15,1.,0.));
#2016=DIRECTION('ref_axis',(-1.,-2.96059473233374E-15,0.));
#2017=DIRECTION('',(0.,0.,1.));
#2018=DIRECTION('center_axis',(1.,0.,0.));
#2019=DIRECTION('ref_axis',(0.,1.,0.));
#2020=DIRECTION('center_axis',(-1.43254583822601E-17,0.,1.));
#2021=DIRECTION('ref_axis',(1.,0.,1.43254583822601E-17));
#2022=DIRECTION('',(1.,0.,1.43254583822601E-17));
#2023=DIRECTION('',(0.,1.,0.));
#2024=DIRECTION('',(1.,0.,1.43254583822601E-17));
#2025=DIRECTION('',(0.,1.,0.));
#2026=DIRECTION('center_axis',(0.,-1.,0.));
#2027=DIRECTION('ref_axis',(1.,0.,0.));
#2028=DIRECTION('',(0.,0.,-1.));
#2029=DIRECTION('center_axis',(0.,-1.,0.));
#2030=DIRECTION('ref_axis',(0.707106781186548,0.,-0.707106781186548));
#2031=DIRECTION('',(-1.,0.,0.));
#2032=DIRECTION('center_axis',(0.,-1.,0.));
#2033=DIRECTION('ref_axis',(-0.707106781186546,0.,-0.707106781186549));
#2034=DIRECTION('',(0.,0.,1.));
#2035=DIRECTION('',(0.,0.,1.));
#2036=DIRECTION('center_axis',(0.,1.,0.));
#2037=DIRECTION('ref_axis',(0.707106781186548,0.,0.707106781186548));
#2038=DIRECTION('',(-1.,0.,6.34413156928661E-16));
#2039=DIRECTION('center_axis',(0.,1.,0.));
#2040=DIRECTION('ref_axis',(-0.707106781186548,0.,0.707106781186548));
#2041=DIRECTION('',(0.,0.,-1.));
#2042=DIRECTION('center_axis',(0.,1.,0.));
#2043=DIRECTION('ref_axis',(-0.707106781186548,0.,-0.707106781186547));
#2044=DIRECTION('',(1.,0.,0.));
#2045=DIRECTION('center_axis',(0.,1.,0.));
#2046=DIRECTION('ref_axis',(0.707106781186548,0.,-0.707106781186547));
#2047=DIRECTION('center_axis',(0.,-1.,0.));
#2048=DIRECTION('ref_axis',(-1.,0.,0.));
#2049=DIRECTION('center_axis',(0.,-1.,0.));
#2050=DIRECTION('ref_axis',(-1.,0.,0.));
#2051=DIRECTION('center_axis',(0.,-1.,0.));
#2052=DIRECTION('ref_axis',(-1.,0.,0.));
#2053=DIRECTION('center_axis',(0.,-1.,0.));
#2054=DIRECTION('ref_axis',(-1.,0.,0.));
#2055=DIRECTION('center_axis',(0.,-1.,0.));
#2056=DIRECTION('ref_axis',(0.707106781186548,0.,-0.707106781186548));
#2057=DIRECTION('center_axis',(0.,1.,0.));
#2058=DIRECTION('ref_axis',(0.707106781186548,0.,-0.707106781186548));
#2059=DIRECTION('',(0.,1.,0.));
#2060=DIRECTION('',(0.,-1.,0.));
#2061=DIRECTION('center_axis',(0.,0.,-1.));
#2062=DIRECTION('ref_axis',(1.,0.,0.));
#2063=DIRECTION('',(1.,0.,0.));
#2064=DIRECTION('',(0.,-1.,0.));
#2065=DIRECTION('center_axis',(0.,-1.,0.));
#2066=DIRECTION('ref_axis',(-0.707106781186546,0.,-0.707106781186549));
#2067=DIRECTION('center_axis',(0.,1.,0.));
#2068=DIRECTION('ref_axis',(-0.707106781186546,0.,-0.707106781186549));
#2069=DIRECTION('',(0.,1.,0.));
#2070=DIRECTION('center_axis',(0.,-1.,0.));
#2071=DIRECTION('ref_axis',(-0.707106781186548,0.,0.707106781186548));
#2072=DIRECTION('',(0.,-1.,0.));
#2073=DIRECTION('center_axis',(0.,-1.,0.));
#2074=DIRECTION('ref_axis',(-0.707106781186548,0.,0.707106781186548));
#2075=DIRECTION('',(0.,1.,0.));
#2076=DIRECTION('center_axis',(6.34413156928661E-16,0.,1.));
#2077=DIRECTION('ref_axis',(-1.,0.,6.34413156928661E-16));
#2078=DIRECTION('',(0.,1.,0.));
#2079=DIRECTION('',(1.,0.,-6.34413156928661E-16));
#2080=DIRECTION('center_axis',(0.,-1.,0.));
#2081=DIRECTION('ref_axis',(0.707106781186548,0.,0.707106781186548));
#2082=DIRECTION('',(0.,-1.,0.));
#2083=DIRECTION('center_axis',(0.,-1.,0.));
#2084=DIRECTION('ref_axis',(0.707106781186548,0.,0.707106781186548));
#2085=DIRECTION('center_axis',(1.,0.,0.));
#2086=DIRECTION('ref_axis',(0.,0.,1.));
#2087=DIRECTION('',(0.,1.,0.));
#2088=DIRECTION('',(0.,0.,-1.));
#2089=DIRECTION('center_axis',(0.,-1.,0.));
#2090=DIRECTION('ref_axis',(-0.707106781186548,0.,-0.707106781186547));
#2091=DIRECTION('',(0.,-1.,0.));
#2092=DIRECTION('center_axis',(0.,-1.,0.));
#2093=DIRECTION('ref_axis',(-0.707106781186548,0.,-0.707106781186547));
#2094=DIRECTION('',(0.,1.,0.));
#2095=DIRECTION('center_axis',(-1.,0.,0.));
#2096=DIRECTION('ref_axis',(0.,0.,-1.));
#2097=DIRECTION('',(0.,0.,1.));
#2098=DIRECTION('center_axis',(0.,-1.,0.));
#2099=DIRECTION('ref_axis',(0.707106781186548,0.,-0.707106781186547));
#2100=DIRECTION('',(0.,-1.,0.));
#2101=DIRECTION('center_axis',(0.,-1.,0.));
#2102=DIRECTION('ref_axis',(0.707106781186548,0.,-0.707106781186547));
#2103=DIRECTION('center_axis',(0.,0.,-1.));
#2104=DIRECTION('ref_axis',(1.,0.,0.));
#2105=DIRECTION('',(-1.,0.,0.));
#2106=DIRECTION('center_axis',(0.,-1.,0.));
#2107=DIRECTION('ref_axis',(-1.,0.,0.));
#2108=DIRECTION('center_axis',(0.,-1.,0.));
#2109=DIRECTION('ref_axis',(-1.,0.,0.));
#2110=DIRECTION('',(0.034899496702501,-0.999390827019096,-4.27395569285714E-18));
#2111=DIRECTION('center_axis',(0.,1.,0.));
#2112=DIRECTION('ref_axis',(-1.,0.,0.));
#2113=DIRECTION('center_axis',(0.,-1.,0.));
#2114=DIRECTION('ref_axis',(-1.,0.,0.));
#2115=DIRECTION('center_axis',(0.,-1.,0.));
#2116=DIRECTION('ref_axis',(-1.,0.,0.));
#2117=DIRECTION('',(0.034899496702501,-0.999390827019096,-4.27395569285714E-18));
#2118=DIRECTION('center_axis',(0.,1.,0.));
#2119=DIRECTION('ref_axis',(-1.,0.,0.));
#2120=DIRECTION('center_axis',(0.,-1.,0.));
#2121=DIRECTION('ref_axis',(-1.,0.,0.));
#2122=DIRECTION('center_axis',(0.,-1.,0.));
#2123=DIRECTION('ref_axis',(-1.,0.,0.));
#2124=DIRECTION('',(0.034899496702501,-0.999390827019096,-4.27395569285714E-18));
#2125=DIRECTION('center_axis',(0.,1.,0.));
#2126=DIRECTION('ref_axis',(-1.,0.,0.));
#2127=DIRECTION('center_axis',(0.,-1.,0.));
#2128=DIRECTION('ref_axis',(-1.,0.,0.));
#2129=DIRECTION('center_axis',(0.,-1.,0.));
#2130=DIRECTION('ref_axis',(-1.,0.,0.));
#2131=DIRECTION('',(0.034899496702501,-0.999390827019096,-4.27395569285714E-18));
#2132=DIRECTION('center_axis',(0.,1.,0.));
#2133=DIRECTION('ref_axis',(-1.,0.,0.));
#2134=DIRECTION('center_axis',(1.,0.,0.));
#2135=DIRECTION('ref_axis',(0.,0.,1.));
#2136=DIRECTION('',(0.,0.,1.));
#2137=DIRECTION('center_axis',(-1.,0.,0.));
#2138=DIRECTION('ref_axis',(0.,0.,-1.));
#2139=DIRECTION('',(0.,0.,-1.));
#2140=DIRECTION('center_axis',(0.,-1.,0.));
#2141=DIRECTION('ref_axis',(0.,0.,-1.));
#2142=CARTESIAN_POINT('',(0.,0.,0.));
#2143=CARTESIAN_POINT('Origin',(8.91389068168091,1.22332052397968,-7.5));
#2144=CARTESIAN_POINT('',(7.36389068168091,1.22332052397968,-7.5));
#2145=CARTESIAN_POINT('Origin',(8.91389068168091,1.22332052397968,-7.5));
#2146=CARTESIAN_POINT('',(7.36389068168091,11.2233205239797,-7.5));
#2147=CARTESIAN_POINT('',(7.36389068168091,1.22332052397968,-7.5));
#2148=CARTESIAN_POINT('Origin',(8.91389068168091,11.2233205239797,-7.5));
#2149=CARTESIAN_POINT('Origin',(8.91389068168091,11.2233205239797,-7.5));
#2150=CARTESIAN_POINT('',(9.91389068168091,11.2233205239797,-7.5));
#2151=CARTESIAN_POINT('Origin',(8.91389068168091,11.2233205239797,-7.5));
#2152=CARTESIAN_POINT('Origin',(-41.5861093183191,1.22332052397968,-17.5000005582922));
#2153=CARTESIAN_POINT('',(-43.1361093183191,1.22332052397968,-17.5000005582922));
#2154=CARTESIAN_POINT('Origin',(-41.5861093183191,1.22332052397968,-17.5000005582922));
#2155=CARTESIAN_POINT('',(-43.1361093183191,11.2233205239797,-17.5000005582922));
#2156=CARTESIAN_POINT('',(-43.1361093183191,1.22332052397968,-17.5000005582922));
#2157=CARTESIAN_POINT('Origin',(-41.5861093183191,11.2233205239797,-17.5000005582922));
#2158=CARTESIAN_POINT('Origin',(-41.5861093183191,11.2233205239797,-17.5000005582922));
#2159=CARTESIAN_POINT('',(-40.5861093183191,11.2233205239797,-17.5000005582922));
#2160=CARTESIAN_POINT('Origin',(-41.5861093183191,11.2233205239797,-17.5000005582922));
#2161=CARTESIAN_POINT('Origin',(8.91389068168091,1.22332052397968,-17.5));
#2162=CARTESIAN_POINT('',(7.36389068168091,1.22332052397968,-17.5));
#2163=CARTESIAN_POINT('Origin',(8.91389068168091,1.22332052397968,-17.5));
#2164=CARTESIAN_POINT('',(7.36389068168091,11.2233205239797,-17.5));
#2165=CARTESIAN_POINT('',(7.36389068168091,1.22332052397968,-17.5));
#2166=CARTESIAN_POINT('Origin',(8.91389068168091,11.2233205239797,-17.5));
#2167=CARTESIAN_POINT('Origin',(8.91389068168091,11.2233205239797,-17.5));
#2168=CARTESIAN_POINT('',(9.91389068168091,11.2233205239797,-17.5));
#2169=CARTESIAN_POINT('Origin',(8.91389068168091,11.2233205239797,-17.5));
#2170=CARTESIAN_POINT('Origin',(-41.5861093183191,1.22332052397968,-7.5));
#2171=CARTESIAN_POINT('',(-43.1361093183191,1.22332052397968,-7.5));
#2172=CARTESIAN_POINT('Origin',(-41.5861093183191,1.22332052397968,-7.5));
#2173=CARTESIAN_POINT('',(-43.1361093183191,11.2233205239797,-7.5));
#2174=CARTESIAN_POINT('',(-43.1361093183191,1.22332052397968,-7.5));
#2175=CARTESIAN_POINT('Origin',(-41.5861093183191,11.2233205239797,-7.5));
#2176=CARTESIAN_POINT('Origin',(-41.5861093183191,11.2233205239797,-7.5));
#2177=CARTESIAN_POINT('',(-40.5861093183191,11.2233205239797,-7.5));
#2178=CARTESIAN_POINT('Origin',(-41.5861093183191,11.2233205239797,-7.5));
#2179=CARTESIAN_POINT('Origin',(-43.47566561755,41.2233205239795,-23.0000004023314));
#2180=CARTESIAN_POINT('',(-43.47566561755,1.22332052397968,-27.0000004023314));
#2181=CARTESIAN_POINT('',(-44.6687656075864,1.22332052397939,-26.817920309005));
#2182=CARTESIAN_POINT('Origin',(-43.47566561755,1.22332052397968,-23.0000004023314));
#2183=CARTESIAN_POINT('',(-44.6687656075864,41.2233205239794,-26.817920309005));
#2184=CARTESIAN_POINT('',(-44.6687656075864,41.2233205239795,-26.817920309005));
#2185=CARTESIAN_POINT('',(-43.47566561755,41.2233205239797,-27.0000004023314));
#2186=CARTESIAN_POINT('Origin',(-43.47566561755,41.2233205239797,-23.0000004023314));
#2187=CARTESIAN_POINT('',(-43.47566561755,41.2233205239795,-27.0000004023314));
#2188=CARTESIAN_POINT('Origin',(-124.086109318319,41.2233205239794,-2.));
#2189=CARTESIAN_POINT('',(-124.086109318319,1.22332052397967,-2.));
#2190=CARTESIAN_POINT('',(-124.086109318319,1.22332052397939,-2.));
#2191=CARTESIAN_POINT('',(-124.086109318319,41.2233205239797,-2.));
#2192=CARTESIAN_POINT('',(-124.086109318319,41.2233205239797,-2.));
#2193=CARTESIAN_POINT('',(-124.086109318319,41.2233205239794,-2.));
#2194=CARTESIAN_POINT('Origin',(79.4138906816808,1.22332052397968,2.));
#2195=CARTESIAN_POINT('',(32.4524362426343,1.22332052397968,-27.0000004023314));
#2196=CARTESIAN_POINT('',(-44.0861093183191,1.22332052397968,-27.0000004023314));
#2197=CARTESIAN_POINT('',(34.2703176325989,1.22332052397939,-26.5630478693209));
#2198=CARTESIAN_POINT('Origin',(32.4524362426343,1.22332052397968,-23.0000004023314));
#2199=CARTESIAN_POINT('',(82.4138906816808,1.22332052397968,-2.));
#2200=CARTESIAN_POINT('',(33.413890681681,1.22332052397939,-27.0000004023314));
#2201=CARTESIAN_POINT('',(82.4138906816808,1.22332052397968,29.));
#2202=CARTESIAN_POINT('',(82.4138906816808,1.22332052397968,2.));
#2203=CARTESIAN_POINT('',(79.4138906816808,1.22332052397968,29.));
#2204=CARTESIAN_POINT('',(82.4138906816808,1.22332052397968,29.));
#2205=CARTESIAN_POINT('',(79.4138906816808,1.22332052397968,2.));
#2206=CARTESIAN_POINT('',(79.4138906816808,1.22332052397968,2.));
#2207=CARTESIAN_POINT('',(-121.086109318319,1.22332052397967,2.));
#2208=CARTESIAN_POINT('',(-121.086109318319,1.22332052397967,2.));
#2209=CARTESIAN_POINT('',(-121.086109318319,1.22332052397967,29.));
#2210=CARTESIAN_POINT('',(-121.086109318319,1.22332052397967,2.));
#2211=CARTESIAN_POINT('',(-124.086109318319,1.22332052397967,29.));
#2212=CARTESIAN_POINT('',(-124.086109318319,1.22332052397967,29.));
#2213=CARTESIAN_POINT('',(-124.086109318319,1.22332052397967,2.));
#2214=CARTESIAN_POINT('',(14.4138906816809,1.22332052397968,-15.));
#2215=CARTESIAN_POINT('',(4.91389068168103,1.22332052397939,-15.));
#2216=CARTESIAN_POINT('',(46.9138906816808,1.22332052397968,-15.));
#2217=CARTESIAN_POINT('',(4.91389068168091,1.22332052397968,-23.));
#2218=CARTESIAN_POINT('',(4.91389068168091,1.22332052397968,-2.));
#2219=CARTESIAN_POINT('',(-37.5861093183191,1.22332052397968,-23.));
#2220=CARTESIAN_POINT('',(4.91389068168091,1.22332052397968,-23.));
#2221=CARTESIAN_POINT('',(-37.5861093183191,1.22332052397968,-2.));
#2222=CARTESIAN_POINT('',(-37.5861093183191,1.22332052397968,-23.));
#2223=CARTESIAN_POINT('',(4.91389068168091,1.22332052397968,-2.));
#2224=CARTESIAN_POINT('',(80.1638906816808,1.22332052397968,-2.));
#2225=CARTESIAN_POINT('',(4.91389068168103,1.22332052397939,-10.));
#2226=CARTESIAN_POINT('',(4.91389068168091,1.22332052397968,-2.));
#2227=CARTESIAN_POINT('',(14.4138906816809,1.22332052397968,-10.));
#2228=CARTESIAN_POINT('',(44.6638906816809,1.22332052397968,-10.));
#2229=CARTESIAN_POINT('',(14.4138906816809,1.22332052397968,-5.));
#2230=CARTESIAN_POINT('',(14.4138906816809,1.22332052397968,-24.0000004023314));
#2231=CARTESIAN_POINT('',(30.4138906816809,1.22332052397968,-5.));
#2232=CARTESIAN_POINT('',(14.4138906816809,1.22332052397968,-5.));
#2233=CARTESIAN_POINT('',(30.4138906816809,1.22332052397968,-24.0000004023314));
#2234=CARTESIAN_POINT('',(30.4138906816809,1.22332052397968,-1.5));
#2235=CARTESIAN_POINT('',(14.4138906816809,1.22332052397968,-24.0000004023314));
#2236=CARTESIAN_POINT('',(54.9138906816808,1.22332052397968,-24.0000004023314));
#2237=CARTESIAN_POINT('',(14.4138906816809,1.22332052397968,-24.0000004023314));
#2238=CARTESIAN_POINT('Origin',(32.4524362426343,41.2233205239795,-23.0000004023314));
#2239=CARTESIAN_POINT('',(32.4524362426343,41.2233205239797,-27.0000004023314));
#2240=CARTESIAN_POINT('',(34.2703176325989,41.2233205239794,-26.5630478693209));
#2241=CARTESIAN_POINT('Origin',(32.4524362426343,41.2233205239797,-23.0000004023314));
#2242=CARTESIAN_POINT('',(34.2703176325989,41.2233205239795,-26.5630478693209));
#2243=CARTESIAN_POINT('',(32.4524362426343,41.2233205239795,-27.0000004023314));
#2244=CARTESIAN_POINT('Origin',(33.413890681681,41.2233205239794,-27.0000004023314));
#2245=CARTESIAN_POINT('',(82.4138906816808,41.2233205239797,-2.));
#2246=CARTESIAN_POINT('',(33.413890681681,41.2233205239794,-27.0000004023314));
#2247=CARTESIAN_POINT('',(82.4138906816808,11.2233205239797,-2.));
#2248=CARTESIAN_POINT('Origin',(12.163890681681,6.22332052397968,-12.5));
#2249=CARTESIAN_POINT('',(9.91389068168103,6.22332052397968,-15.));
#2250=CARTESIAN_POINT('',(9.91389068168103,6.22332052397968,-10.));
#2251=CARTESIAN_POINT('',(9.91389068168103,6.22332052397969,-13.75));
#2252=CARTESIAN_POINT('',(14.4138906816809,6.22332052397968,-15.));
#2253=CARTESIAN_POINT('',(9.91389068168103,6.22332052397968,-15.));
#2254=CARTESIAN_POINT('',(14.4138906816809,6.22332052397968,-10.));
#2255=CARTESIAN_POINT('',(14.4138906816809,6.22332052397968,-8.75));
#2256=CARTESIAN_POINT('',(14.4138906816809,6.22332052397968,-10.));
#2257=CARTESIAN_POINT('Origin',(9.91389068168103,41.2233205239794,-15.));
#2258=CARTESIAN_POINT('',(9.91389068168103,41.2233205239794,-10.));
#2259=CARTESIAN_POINT('',(9.91389068168103,41.2233205239794,-10.));
#2260=CARTESIAN_POINT('',(9.91389068168103,41.2233205239794,-15.));
#2261=CARTESIAN_POINT('',(9.91389068168104,41.2233205239795,-6.5));
#2262=CARTESIAN_POINT('',(9.91389068168103,41.2233205239794,-15.));
#2263=CARTESIAN_POINT('Origin',(27.163890681681,26.2233205239794,-23.0000004023314));
#2264=CARTESIAN_POINT('',(28.413890681681,26.2233205239794,-22.0000004023314));
#2265=CARTESIAN_POINT('',(25.913890681681,26.2233205239794,-22.0000004023314));
#2266=CARTESIAN_POINT('',(25.913890681681,26.2233205239794,-22.0000004023314));
#2267=CARTESIAN_POINT('',(25.913890681681,26.2233205239794,-24.0000004023314));
#2268=CARTESIAN_POINT('',(25.9138906816809,26.2233205239794,-22.5000004023314));
#2269=CARTESIAN_POINT('',(28.413890681681,26.2233205239794,-24.0000004023314));
#2270=CARTESIAN_POINT('',(20.788890681681,26.2233205239794,-24.0000004023314));
#2271=CARTESIAN_POINT('',(28.4138906816809,26.2233205239794,-23.5000004023314));
#2272=CARTESIAN_POINT('Origin',(22.413890681681,38.2233205239794,-14.5000002011657));
#2273=CARTESIAN_POINT('',(23.9138906518787,38.2233205239794,-22.0000004023314));
#2274=CARTESIAN_POINT('',(30.413890681681,38.2233205239794,-22.0000004023314));
#2275=CARTESIAN_POINT('',(25.413890681681,38.2233205239794,-22.0000004023314));
#2276=CARTESIAN_POINT('',(30.413890681681,38.2233205239794,-7.));
#2277=CARTESIAN_POINT('',(30.4138906816809,38.2233205239794,-18.2500003017485));
#2278=CARTESIAN_POINT('',(23.9138906518787,38.2233205239794,-7.));
#2279=CARTESIAN_POINT('',(26.413890681681,38.2233205239794,-7.));
#2280=CARTESIAN_POINT('',(23.9138906518787,38.2233205239794,-5.));
#2281=CARTESIAN_POINT('',(23.9138906518786,38.2233205239794,-10.7500001005828));
#2282=CARTESIAN_POINT('',(14.413890681681,38.2233205239794,-5.));
#2283=CARTESIAN_POINT('',(23.1638906667798,38.2233205239794,-5.));
#2284=CARTESIAN_POINT('',(14.413890681681,38.2233205239794,-24.0000004023314));
#2285=CARTESIAN_POINT('',(14.4138906816809,38.2233205239794,-9.75000010058284));
#2286=CARTESIAN_POINT('',(23.9138906518787,38.2233205239794,-24.0000004023314));
#2287=CARTESIAN_POINT('',(18.413890681681,38.2233205239794,-24.0000004023314));
#2288=CARTESIAN_POINT('',(23.9138906518786,38.2233205239794,-19.2500003017485));
#2289=CARTESIAN_POINT('Origin',(27.163890681681,26.2233205239794,-6.));
#2290=CARTESIAN_POINT('',(25.913890681681,26.2233205239794,-5.));
#2291=CARTESIAN_POINT('',(28.413890681681,26.2233205239794,-5.));
#2292=CARTESIAN_POINT('',(25.5388906667798,26.2233205239794,-5.));
#2293=CARTESIAN_POINT('',(25.913890681681,26.2233205239794,-7.));
#2294=CARTESIAN_POINT('',(25.9138906816809,26.2233205239794,-5.5));
#2295=CARTESIAN_POINT('',(28.413890681681,26.2233205239794,-7.));
#2296=CARTESIAN_POINT('',(28.413890681681,26.2233205239794,-7.));
#2297=CARTESIAN_POINT('',(28.4138906816809,26.2233205239794,-6.5));
#2298=CARTESIAN_POINT('Origin',(25.9138906816809,1.22332052397968,-5.));
#2299=CARTESIAN_POINT('',(25.9138906816809,13.2233205239797,-5.));
#2300=CARTESIAN_POINT('',(25.9138906816809,1.22332052397968,-5.));
#2301=CARTESIAN_POINT('',(25.9138906816809,13.2233205239797,-7.));
#2302=CARTESIAN_POINT('',(25.9138906816809,13.2233205239797,-5.5));
#2303=CARTESIAN_POINT('',(25.9138906816809,1.22332052397968,-7.));
#2304=CARTESIAN_POINT('Origin',(23.9138906518786,1.22332052397968,-5.));
#2305=CARTESIAN_POINT('',(28.4138906816809,13.2233205239797,-5.));
#2306=CARTESIAN_POINT('',(28.4138906816809,1.22332052397968,-5.));
#2307=CARTESIAN_POINT('',(30.4138906816809,13.2233205239797,-5.));
#2308=CARTESIAN_POINT('',(23.9138906518786,13.2233205239797,-5.));
#2309=CARTESIAN_POINT('',(30.4138906816809,1.22332052397968,-5.));
#2310=CARTESIAN_POINT('',(14.4138906816809,1.22332052397968,-5.));
#2311=CARTESIAN_POINT('',(23.9138906518786,13.2233205239797,-5.));
#2312=CARTESIAN_POINT('',(23.9138906518786,1.22332052397968,-5.));
#2313=CARTESIAN_POINT('',(23.9138906518786,13.2233205239797,-5.));
#2314=CARTESIAN_POINT('Origin',(25.9138906816809,1.22332052397968,-7.));
#2315=CARTESIAN_POINT('',(30.4138906816809,13.2233205239797,-7.));
#2316=CARTESIAN_POINT('',(30.4138906816809,1.22332052397968,-7.));
#2317=CARTESIAN_POINT('',(28.4138906816809,13.2233205239797,-7.));
#2318=CARTESIAN_POINT('',(29.9138906816809,13.2233205239797,-7.));
#2319=CARTESIAN_POINT('',(28.4138906816809,1.22332052397968,-7.));
#2320=CARTESIAN_POINT('',(23.9138906518786,13.2233205239797,-7.));
#2321=CARTESIAN_POINT('',(25.4138906742303,13.2233205239797,-7.));
#2322=CARTESIAN_POINT('',(23.9138906518786,1.22332052397968,-7.));
#2323=CARTESIAN_POINT('Origin',(28.4138906816809,1.22332052397968,-7.));
#2324=CARTESIAN_POINT('',(28.4138906816809,13.2233205239797,-6.5));
#2325=CARTESIAN_POINT('Origin',(30.4138906816809,1.22332052397968,-22.0000004023314));
#2326=CARTESIAN_POINT('',(30.4138906816809,13.2233205239797,-22.0000004023314));
#2327=CARTESIAN_POINT('',(30.4138906816809,1.22332052397968,-22.0000004023314));
#2328=CARTESIAN_POINT('',(30.4138906816809,13.2233205239797,-24.0000004023314));
#2329=CARTESIAN_POINT('',(30.4138906816809,13.2233205239797,-22.0000004023314));
#2330=CARTESIAN_POINT('',(30.4138906816809,1.22332052397968,-24.0000004023314));
#2331=CARTESIAN_POINT('',(30.4138906816809,13.2233205239797,-5.));
#2332=CARTESIAN_POINT('Origin',(28.4138906816809,1.22332052397968,-24.0000004023314));
#2333=CARTESIAN_POINT('',(28.4138906816809,13.2233205239797,-24.0000004023314));
#2334=CARTESIAN_POINT('',(28.4138906816809,1.22332052397968,-24.0000004023314));
#2335=CARTESIAN_POINT('',(28.4138906816809,13.2233205239797,-22.0000004023314));
#2336=CARTESIAN_POINT('',(28.4138906816809,13.2233205239797,-23.5000004023314));
#2337=CARTESIAN_POINT('',(28.4138906816809,1.22332052397968,-22.0000004023314));
#2338=CARTESIAN_POINT('Origin',(29.4138906816809,13.2233205239797,-23.0000004023314));
#2339=CARTESIAN_POINT('',(30.4138906816809,13.2233205239797,-24.0000004023314));
#2340=CARTESIAN_POINT('',(28.9138906816809,13.2233205239797,-22.0000004023314));
#2341=CARTESIAN_POINT('Origin',(29.4138906816809,13.2233205239797,-6.));
#2342=CARTESIAN_POINT('Origin',(24.9138906667797,13.2233205239797,-23.0000004023314));
#2343=CARTESIAN_POINT('',(25.9138906816809,13.2233205239797,-22.0000004023314));
#2344=CARTESIAN_POINT('',(25.9138906816809,13.2233205239797,-24.0000004023314));
#2345=CARTESIAN_POINT('',(25.9138906816809,13.2233205239797,-22.5000004023314));
#2346=CARTESIAN_POINT('',(23.9138906518786,13.2233205239797,-22.0000004023314));
#2347=CARTESIAN_POINT('',(24.4138906593292,13.2233205239797,-22.0000004023314));
#2348=CARTESIAN_POINT('',(23.9138906518786,13.2233205239797,-24.0000004023314));
#2349=CARTESIAN_POINT('',(23.9138906518786,13.2233205239797,-23.5000004023314));
#2350=CARTESIAN_POINT('',(30.4138906816809,13.2233205239797,-24.0000004023314));
#2351=CARTESIAN_POINT('Origin',(24.9138906667797,13.2233205239797,-6.));
#2352=CARTESIAN_POINT('',(23.9138906518786,13.2233205239797,-6.5));
#2353=CARTESIAN_POINT('Origin',(23.9138906518786,1.22332052397968,-22.0000004023314));
#2354=CARTESIAN_POINT('',(23.9138906518786,1.22332052397968,-22.0000004023314));
#2355=CARTESIAN_POINT('',(25.9138906816809,1.22332052397968,-22.0000004023314));
#2356=CARTESIAN_POINT('Origin',(25.9138906816809,1.22332052397968,-22.0000004023314));
#2357=CARTESIAN_POINT('',(25.9138906816809,1.22332052397968,-24.0000004023314));
#2358=CARTESIAN_POINT('Origin',(23.9138906518786,1.22332052397968,-24.0000004023314));
#2359=CARTESIAN_POINT('',(23.9138906518786,1.22332052397968,-24.0000004023314));
#2360=CARTESIAN_POINT('Origin',(14.4138906816809,1.22332052397968,-24.0000004023314));
#2361=CARTESIAN_POINT('',(14.4138906816809,1.22332052397968,-24.0000004023314));
#2362=CARTESIAN_POINT('Origin',(14.4138906816809,1.22332052397968,-5.));
#2363=CARTESIAN_POINT('',(14.4138906816809,1.22332052397968,-15.));
#2364=CARTESIAN_POINT('',(14.4138906816809,1.22332052397968,-10.));
#2365=CARTESIAN_POINT('Origin',(23.9138906518786,1.22332052397968,-7.));
#2366=CARTESIAN_POINT('Origin',(4.91389068168103,41.2233205239794,-15.));
#2367=CARTESIAN_POINT('',(4.91389068168103,41.2233205239794,-15.));
#2368=CARTESIAN_POINT('',(43.6638906816809,41.2233205239796,-15.));
#2369=CARTESIAN_POINT('',(4.91389068168091,41.2233205239795,-15.));
#2370=CARTESIAN_POINT('Origin',(9.91389068168103,41.2233205239794,-10.));
#2371=CARTESIAN_POINT('',(4.91389068168103,41.2233205239794,-10.));
#2372=CARTESIAN_POINT('',(46.1638906816809,41.2233205239796,-10.));
#2373=CARTESIAN_POINT('',(4.91389068168091,41.2233205239795,-10.));
#2374=CARTESIAN_POINT('Origin',(4.91389068168091,41.2233205239797,-2.));
#2375=CARTESIAN_POINT('',(4.91389068168091,41.2233205239797,-23.));
#2376=CARTESIAN_POINT('',(4.91389068168091,41.2233205239797,-2.));
#2377=CARTESIAN_POINT('',(4.91389068168091,41.2233205239797,-23.));
#2378=CARTESIAN_POINT('Origin',(-41.5861093183191,41.2233205239797,-17.5000005582922));
#2379=CARTESIAN_POINT('',(-40.5861093183191,41.2233205239797,-17.5000005582922));
#2380=CARTESIAN_POINT('',(-40.5861093183191,41.2233205239797,-17.5000005582922));
#2381=CARTESIAN_POINT('Origin',(-41.5861093183191,41.2233205239797,-17.5000005582922));
#2382=CARTESIAN_POINT('Origin',(8.91389068168091,41.2233205239797,-7.5));
#2383=CARTESIAN_POINT('',(9.91389068168091,41.2233205239797,-7.5));
#2384=CARTESIAN_POINT('',(9.91389068168091,41.2233205239797,-7.5));
#2385=CARTESIAN_POINT('Origin',(8.91389068168091,41.2233205239797,-7.5));
#2386=CARTESIAN_POINT('Origin',(8.91389068168091,41.2233205239797,-17.5));
#2387=CARTESIAN_POINT('',(9.91389068168091,41.2233205239797,-17.5));
#2388=CARTESIAN_POINT('',(9.91389068168091,41.2233205239797,-17.5));
#2389=CARTESIAN_POINT('Origin',(8.91389068168091,41.2233205239797,-17.5));
#2390=CARTESIAN_POINT('Origin',(-41.5861093183191,41.2233205239797,-7.5));
#2391=CARTESIAN_POINT('',(-40.5861093183191,41.2233205239797,-7.5));
#2392=CARTESIAN_POINT('',(-40.5861093183191,41.2233205239797,-7.5));
#2393=CARTESIAN_POINT('Origin',(-41.5861093183191,41.2233205239797,-7.5));
#2394=CARTESIAN_POINT('Origin',(-44.0861093183191,41.2233205239797,-27.0000004023314));
#2395=CARTESIAN_POINT('',(-44.0861093183191,41.2233205239797,-27.0000004023314));
#2396=CARTESIAN_POINT('Origin',(-37.5861093183191,41.2233205239797,-23.));
#2397=CARTESIAN_POINT('',(-37.5861093183191,41.2233205239797,-23.));
#2398=CARTESIAN_POINT('',(-37.5861093183191,41.2233205239797,-2.));
#2399=CARTESIAN_POINT('',(-37.5861093183191,41.2233205239797,-23.));
#2400=CARTESIAN_POINT('',(-37.5861093183191,31.2233205239797,-2.));
#2401=CARTESIAN_POINT('',(-37.5861093183191,41.2233205239797,-23.));
#2402=CARTESIAN_POINT('Origin',(4.91389068168091,41.2233205239797,-23.));
#2403=CARTESIAN_POINT('',(4.91389068168091,41.2233205239797,-23.));
#2404=CARTESIAN_POINT('Origin',(4.91389068168091,41.2233205239797,-2.));
#2405=CARTESIAN_POINT('',(4.91389068168091,41.2233205239797,-2.));
#2406=CARTESIAN_POINT('',(4.91389068168091,31.2233205239797,-2.));
#2407=CARTESIAN_POINT('',(4.91389068168091,41.2233205239797,-2.));
#2408=CARTESIAN_POINT('Origin',(80.9138906816808,21.2233205239797,-2.));
#2409=CARTESIAN_POINT('',(81.6638906816808,41.2233205239797,-2.));
#2410=CARTESIAN_POINT('Origin',(-122.586109318319,21.2233205239797,29.));
#2411=CARTESIAN_POINT('',(-121.086109318319,41.2233205239797,29.));
#2412=CARTESIAN_POINT('',(-121.086109318319,1.22332052397967,29.));
#2413=CARTESIAN_POINT('',(-116.086109318319,41.2233205239797,29.));
#2414=CARTESIAN_POINT('',(-124.086109318319,41.2233205239797,29.));
#2415=CARTESIAN_POINT('',(-116.086109318319,1.2149942790123,29.));
#2416=CARTESIAN_POINT('',(-116.086109318319,41.2233205239797,29.));
#2417=CARTESIAN_POINT('',(-124.086109318319,1.2149942790123,29.));
#2418=CARTESIAN_POINT('',(-116.086109318319,1.2149942790123,29.));
#2419=CARTESIAN_POINT('',(-124.086109318319,1.2149942790123,29.));
#2420=CARTESIAN_POINT('Origin',(-116.086109318319,1.2149942790123,29.));
#2421=CARTESIAN_POINT('',(-116.086109318319,41.2233205239797,30.));
#2422=CARTESIAN_POINT('',(-116.086109318319,41.2233205239797,29.));
#2423=CARTESIAN_POINT('',(-116.086109318319,1.2149942790123,30.));
#2424=CARTESIAN_POINT('',(-116.086109318319,41.2233205239797,30.));
#2425=CARTESIAN_POINT('',(-116.086109318319,1.2149942790123,29.));
#2426=CARTESIAN_POINT('Origin',(-124.086109318319,1.2149942790123,29.));
#2427=CARTESIAN_POINT('',(-124.086109318319,1.2149942790123,30.));
#2428=CARTESIAN_POINT('',(-116.086109318319,1.2149942790123,30.));
#2429=CARTESIAN_POINT('',(-124.086109318319,1.2149942790123,29.));
#2430=CARTESIAN_POINT('Origin',(-122.586109318319,21.2233205239797,30.));
#2431=CARTESIAN_POINT('',(-124.086109318319,41.2233205239797,30.));
#2432=CARTESIAN_POINT('',(-124.086109318319,1.2149942790123,30.));
#2433=CARTESIAN_POINT('',(-124.086109318319,41.2233205239797,30.));
#2434=CARTESIAN_POINT('Origin',(-20.8361093183192,21.219157401496,29.));
#2435=CARTESIAN_POINT('',(79.4138906816808,41.2233205239797,29.));
#2436=CARTESIAN_POINT('',(79.4138906816808,1.22332052397968,29.));
#2437=CARTESIAN_POINT('',(82.4138906816808,1.22324971152943,29.));
#2438=CARTESIAN_POINT('',(82.4138906816808,1.22324971152943,29.));
#2439=CARTESIAN_POINT('',(74.4138906816808,1.22324971152943,29.));
#2440=CARTESIAN_POINT('',(74.4138906816808,1.22324971152943,29.));
#2441=CARTESIAN_POINT('',(74.4138906816808,41.2233205239797,29.));
#2442=CARTESIAN_POINT('',(74.4138906816808,41.2233205239797,29.));
#2443=CARTESIAN_POINT('',(82.4138906816808,41.2233205239797,29.));
#2444=CARTESIAN_POINT('Origin',(74.4138906816808,1.22324971152943,29.));
#2445=CARTESIAN_POINT('',(82.4138906816808,1.22324971152943,30.));
#2446=CARTESIAN_POINT('',(82.4138906816808,1.22324971152943,29.));
#2447=CARTESIAN_POINT('',(74.4138906816808,1.22324971152943,30.));
#2448=CARTESIAN_POINT('',(74.4138906816808,1.22324971152943,30.));
#2449=CARTESIAN_POINT('',(74.4138906816808,1.22324971152943,29.));
#2450=CARTESIAN_POINT('Origin',(74.4138906816808,41.2233205239797,29.));
#2451=CARTESIAN_POINT('',(74.4138906816808,41.2233205239797,30.));
#2452=CARTESIAN_POINT('',(74.4138906816808,41.2233205239797,30.));
#2453=CARTESIAN_POINT('',(74.4138906816808,41.2233205239797,29.));
#2454=CARTESIAN_POINT('Origin',(-20.8361093183192,21.219157401496,30.));
#2455=CARTESIAN_POINT('',(82.4138906816808,41.2233205239797,30.));
#2456=CARTESIAN_POINT('',(82.4138906816808,41.2233205239797,30.));
#2457=CARTESIAN_POINT('',(82.4138906816808,1.22324971152943,30.));
#2458=CARTESIAN_POINT('Origin',(-124.086109318319,41.2233205239797,2.));
#2459=CARTESIAN_POINT('',(-124.086109318319,41.2233205239797,2.));
#2460=CARTESIAN_POINT('Origin',(-121.086109318319,1.22332052397967,2.));
#2461=CARTESIAN_POINT('',(-121.086109318319,41.2233205239797,2.));
#2462=CARTESIAN_POINT('',(-121.086109318319,41.2233205239797,2.));
#2463=CARTESIAN_POINT('',(-121.086109318319,41.2233205239797,2.));
#2464=CARTESIAN_POINT('Origin',(-20.8361093183192,21.2233205239797,2.));
#2465=CARTESIAN_POINT('',(79.4138906816808,41.2233205239797,2.));
#2466=CARTESIAN_POINT('',(79.4138906816808,31.2233205239797,2.));
#2467=CARTESIAN_POINT('',(79.4138906816808,41.2233205239797,2.));
#2468=CARTESIAN_POINT('Origin',(79.4138906816808,41.2233205239797,2.));
#2469=CARTESIAN_POINT('',(79.4138906816808,41.2233205239797,2.));
#2470=CARTESIAN_POINT('Origin',(82.4138906816808,41.2233205239797,2.));
#2471=CARTESIAN_POINT('',(82.4138906816808,41.2233205239797,2.));
#2472=CARTESIAN_POINT('Origin',(82.4138906816808,1.22332052397969,2.));
#2473=CARTESIAN_POINT('Origin',(-44.0861093183191,-30.7766794760203,2.));
#2474=CARTESIAN_POINT('',(-44.0861093183191,-30.7766794760203,2.));
#2475=CARTESIAN_POINT('',(33.4138906816809,-30.7766794760203,2.));
#2476=CARTESIAN_POINT('',(-44.0861093183191,-30.7766794760203,2.));
#2477=CARTESIAN_POINT('',(33.4138906816809,-28.7766794760203,2.));
#2478=CARTESIAN_POINT('',(33.4138906816809,-30.7766794760203,2.));
#2479=CARTESIAN_POINT('',(-44.0861093183191,-28.7766794760203,2.));
#2480=CARTESIAN_POINT('',(-44.0861093183191,-28.7766794760203,2.));
#2481=CARTESIAN_POINT('',(-44.0861093183191,-30.7766794760203,2.));
#2482=CARTESIAN_POINT('Origin',(-5.3361093183191,-28.7766794760203,-14.5000002011657));
#2483=CARTESIAN_POINT('',(33.4138906816809,-28.7766794760203,-25.0000004023314));
#2484=CARTESIAN_POINT('',(33.4138906816809,-28.7766794760203,-2.));
#2485=CARTESIAN_POINT('',(31.4138906816809,-28.7766794760203,-27.0000004023314));
#2486=CARTESIAN_POINT('Origin',(31.4138906816809,-28.7766794760203,-25.0000004023314));
#2487=CARTESIAN_POINT('',(-42.0861093183191,-28.7766794760203,-27.0000004023314));
#2488=CARTESIAN_POINT('',(33.4138906816809,-28.7766794760203,-27.0000004023314));
#2489=CARTESIAN_POINT('',(-44.0861093183191,-28.7766794760203,-25.0000004023314));
#2490=CARTESIAN_POINT('Origin',(-42.0861093183191,-28.7766794760203,-25.0000004023314));
#2491=CARTESIAN_POINT('',(-44.0861093183191,-28.7766794760203,-27.0000004023314));
#2492=CARTESIAN_POINT('',(27.4138906816809,-28.7766794760203,-18.5000002011657));
#2493=CARTESIAN_POINT('',(27.4138906816809,-28.7766794760203,-10.5000002011657));
#2494=CARTESIAN_POINT('',(27.4138906816809,-28.7766794760203,-17.5000002011657));
#2495=CARTESIAN_POINT('',(25.4138906816809,-28.7766794760203,-8.50000020116567));
#2496=CARTESIAN_POINT('Origin',(25.4138906816809,-28.7766794760203,-10.5000002011657));
#2497=CARTESIAN_POINT('',(22.4138906816809,-28.7766794760203,-8.50000020116567));
#2498=CARTESIAN_POINT('',(11.0388906816809,-28.7766794760203,-8.50000020116567));
#2499=CARTESIAN_POINT('',(20.4138906816809,-28.7766794760203,-10.5000002011657));
#2500=CARTESIAN_POINT('Origin',(22.4138906816809,-28.7766794760203,-10.5000002011657));
#2501=CARTESIAN_POINT('',(20.4138906816809,-28.7766794760203,-18.5000002011657));
#2502=CARTESIAN_POINT('',(20.4138906816809,-28.7766794760203,-11.5000002011657));
#2503=CARTESIAN_POINT('',(22.4138906816809,-28.7766794760203,-20.5000002011657));
#2504=CARTESIAN_POINT('Origin',(22.4138906816809,-28.7766794760203,-18.5000002011657));
#2505=CARTESIAN_POINT('',(25.4138906816809,-28.7766794760203,-20.5000002011657));
#2506=CARTESIAN_POINT('',(7.53889068168091,-28.7766794760203,-20.5000002011657));
#2507=CARTESIAN_POINT('Origin',(25.4138906816809,-28.7766794760203,-18.5000002011657));
#2508=CARTESIAN_POINT('',(10.3138906816809,-28.7766794760203,-7.5));
#2509=CARTESIAN_POINT('Origin',(8.91389068168091,-28.7766794760203,-7.5));
#2510=CARTESIAN_POINT('',(-40.1861093183191,-28.7766794760203,-7.5));
#2511=CARTESIAN_POINT('Origin',(-41.5861093183191,-28.7766794760203,-7.5));
#2512=CARTESIAN_POINT('',(10.3138906816809,-28.7766794760203,-17.5));
#2513=CARTESIAN_POINT('Origin',(8.91389068168091,-28.7766794760203,-17.5));
#2514=CARTESIAN_POINT('',(-40.1861093183191,-28.7766794760203,-17.5000005582922));
#2515=CARTESIAN_POINT('Origin',(-41.5861093183191,-28.7766794760203,-17.5000005582922));
#2516=CARTESIAN_POINT('Origin',(31.4138906816809,-28.7766794760203,-25.0000004023314));
#2517=CARTESIAN_POINT('',(33.4138906816809,-30.7766794760203,-25.0000004023314));
#2518=CARTESIAN_POINT('',(31.4138906816809,-30.7766794760203,-27.0000004023314));
#2519=CARTESIAN_POINT('Origin',(31.4138906816809,-30.7766794760203,-25.0000004023314));
#2520=CARTESIAN_POINT('',(31.4138906816809,-28.7766794760203,-27.0000004023314));
#2521=CARTESIAN_POINT('',(33.4138906816809,-28.7766794760203,-25.0000004023314));
#2522=CARTESIAN_POINT('Origin',(-44.0861093183191,-28.7766794760203,-27.0000004023314));
#2523=CARTESIAN_POINT('',(-42.0861093183191,-30.7766794760203,-27.0000004023314));
#2524=CARTESIAN_POINT('',(33.4138906816809,-30.7766794760203,-27.0000004023314));
#2525=CARTESIAN_POINT('',(-42.0861093183191,-28.7766794760203,-27.0000004023314));
#2526=CARTESIAN_POINT('Origin',(-42.0861093183191,-28.7766794760203,-25.0000004023314));
#2527=CARTESIAN_POINT('',(-44.0861093183191,-30.7766794760203,-25.0000004023314));
#2528=CARTESIAN_POINT('Origin',(-42.0861093183191,-30.7766794760203,-25.0000004023314));
#2529=CARTESIAN_POINT('',(-44.0861093183191,-28.7766794760203,-25.0000004023314));
#2530=CARTESIAN_POINT('Origin',(22.4138906816809,13.2233205239797,-10.5000002011657));
#2531=CARTESIAN_POINT('',(22.4138906816809,-30.7766794760203,-8.50000020116567));
#2532=CARTESIAN_POINT('',(22.4138906816809,13.2233205239797,-8.50000020116567));
#2533=CARTESIAN_POINT('',(20.4138906816809,-30.7766794760203,-10.5000002011657));
#2534=CARTESIAN_POINT('Origin',(22.4138906816809,-30.7766794760203,-10.5000002011657));
#2535=CARTESIAN_POINT('',(20.4138906816809,13.2233205239797,-10.5000002011657));
#2536=CARTESIAN_POINT('Origin',(27.4138906816809,13.2233205239797,-8.50000020116568));
#2537=CARTESIAN_POINT('',(25.4138906816809,-30.7766794760203,-8.50000020116567));
#2538=CARTESIAN_POINT('',(25.4138906816809,13.2233205239797,-8.50000020116568));
#2539=CARTESIAN_POINT('',(11.0388906816809,-30.7766794760203,-8.50000020116567));
#2540=CARTESIAN_POINT('Origin',(25.4138906816809,13.2233205239797,-10.5000002011657));
#2541=CARTESIAN_POINT('',(27.4138906816809,-30.7766794760203,-10.5000002011657));
#2542=CARTESIAN_POINT('',(27.4138906816809,13.2233205239797,-10.5000002011657));
#2543=CARTESIAN_POINT('Origin',(25.4138906816809,-30.7766794760203,-10.5000002011657));
#2544=CARTESIAN_POINT('Origin',(27.4138906816809,13.2233205239797,-20.5000002011657));
#2545=CARTESIAN_POINT('',(27.4138906816809,-30.7766794760203,-18.5000002011657));
#2546=CARTESIAN_POINT('',(27.4138906816809,13.2233205239797,-18.5000002011657));
#2547=CARTESIAN_POINT('',(27.4138906816809,-30.7766794760203,-17.5000002011657));
#2548=CARTESIAN_POINT('Origin',(22.4138906816809,13.2233205239797,-18.5000002011657));
#2549=CARTESIAN_POINT('',(20.4138906816809,-30.7766794760203,-18.5000002011657));
#2550=CARTESIAN_POINT('',(20.4138906816809,13.2233205239797,-18.5000002011657));
#2551=CARTESIAN_POINT('',(22.4138906816809,-30.7766794760203,-20.5000002011657));
#2552=CARTESIAN_POINT('Origin',(22.4138906816809,-30.7766794760203,-18.5000002011657));
#2553=CARTESIAN_POINT('',(22.4138906816809,13.2233205239797,-20.5000002011657));
#2554=CARTESIAN_POINT('Origin',(20.4138906816809,13.2233205239797,-8.50000020116567));
#2555=CARTESIAN_POINT('',(20.4138906816809,-30.7766794760203,-11.5000002011657));
#2556=CARTESIAN_POINT('Origin',(25.4138906816809,13.2233205239797,-18.5000002011657));
#2557=CARTESIAN_POINT('',(25.4138906816809,-30.7766794760203,-20.5000002011657));
#2558=CARTESIAN_POINT('',(25.4138906816809,13.2233205239797,-20.5000002011657));
#2559=CARTESIAN_POINT('Origin',(25.4138906816809,-30.7766794760203,-18.5000002011657));
#2560=CARTESIAN_POINT('Origin',(20.4138906816809,13.2233205239797,-20.5000002011657));
#2561=CARTESIAN_POINT('',(7.53889068168091,-30.7766794760203,-20.5000002011657));
#2562=CARTESIAN_POINT('Origin',(8.91389068168091,-28.7766794760203,-7.5));
#2563=CARTESIAN_POINT('',(10.1392868342222,-23.7766794760203,-7.5));
#2564=CARTESIAN_POINT('Origin',(8.91389068168091,-23.7766794760203,-7.5));
#2565=CARTESIAN_POINT('',(10.3138906816809,-28.7766794760203,-7.5));
#2566=CARTESIAN_POINT('Origin',(8.91389068168091,-23.7766794760203,-7.5));
#2567=CARTESIAN_POINT('Origin',(-41.5861093183191,-28.7766794760203,-7.5));
#2568=CARTESIAN_POINT('',(-40.3607131657778,-23.7766794760203,-7.5));
#2569=CARTESIAN_POINT('Origin',(-41.5861093183191,-23.7766794760203,-7.5));
#2570=CARTESIAN_POINT('',(-40.1861093183191,-28.7766794760203,-7.5));
#2571=CARTESIAN_POINT('Origin',(-41.5861093183191,-23.7766794760203,-7.5));
#2572=CARTESIAN_POINT('Origin',(8.91389068168091,-28.7766794760203,-17.5));
#2573=CARTESIAN_POINT('',(10.1392868342222,-23.7766794760203,-17.5));
#2574=CARTESIAN_POINT('Origin',(8.91389068168091,-23.7766794760203,-17.5));
#2575=CARTESIAN_POINT('',(10.3138906816809,-28.7766794760203,-17.5));
#2576=CARTESIAN_POINT('Origin',(8.91389068168091,-23.7766794760203,-17.5));
#2577=CARTESIAN_POINT('Origin',(-41.5861093183191,-28.7766794760203,-17.5000005582922));
#2578=CARTESIAN_POINT('',(-40.3607131657778,-23.7766794760203,-17.5000005582922));
#2579=CARTESIAN_POINT('Origin',(-41.5861093183191,-23.7766794760203,-17.5000005582922));
#2580=CARTESIAN_POINT('',(-40.1861093183191,-28.7766794760203,-17.5000005582922));
#2581=CARTESIAN_POINT('Origin',(-41.5861093183191,-23.7766794760203,-17.5000005582922));
#2582=CARTESIAN_POINT('Origin',(33.4138906816809,-28.7766794760203,-27.0000004023314));
#2583=CARTESIAN_POINT('',(33.4138906816809,-30.7766794760203,-2.));
#2584=CARTESIAN_POINT('Origin',(-44.0861093183191,-28.7766794760203,-2.));
#2585=CARTESIAN_POINT('',(-44.0861093183191,-30.7766794760203,-27.0000004023314));
#2586=CARTESIAN_POINT('Origin',(-5.3361093183191,-30.7766794760203,-14.5000002011657));
#2587=UNCERTAINTY_MEASURE_WITH_UNIT(LENGTH_MEASURE(0.01),#2591,
'DISTANCE_ACCURACY_VALUE',
'Maximum model space distance between geometric entities at asserted c
onnectivities');
#2588=UNCERTAINTY_MEASURE_WITH_UNIT(LENGTH_MEASURE(0.01),#2591,
'DISTANCE_ACCURACY_VALUE',
'Maximum model space distance between geometric entities at asserted c
onnectivities');
#2589=(
GEOMETRIC_REPRESENTATION_CONTEXT(3)
GLOBAL_UNCERTAINTY_ASSIGNED_CONTEXT((#2587))
GLOBAL_UNIT_ASSIGNED_CONTEXT((#2591,#2593,#2594))
REPRESENTATION_CONTEXT('','3D')
);
#2590=(
GEOMETRIC_REPRESENTATION_CONTEXT(3)
GLOBAL_UNCERTAINTY_ASSIGNED_CONTEXT((#2588))
GLOBAL_UNIT_ASSIGNED_CONTEXT((#2591,#2593,#2594))
REPRESENTATION_CONTEXT('','3D')
);
#2591=(
LENGTH_UNIT()
NAMED_UNIT(*)
SI_UNIT(.MILLI.,.METRE.)
);
#2592=(
LENGTH_UNIT()
NAMED_UNIT(*)
SI_UNIT($,.METRE.)
);
#2593=(
NAMED_UNIT(*)
PLANE_ANGLE_UNIT()
SI_UNIT($,.RADIAN.)
);
#2594=(
NAMED_UNIT(*)
SI_UNIT($,.STERADIAN.)
SOLID_ANGLE_UNIT()
);
#2595=SHAPE_DEFINITION_REPRESENTATION(#2596,#2597);
#2596=PRODUCT_DEFINITION_SHAPE('',$,#2599);
#2597=SHAPE_REPRESENTATION('',(#1591),#2589);
#2598=PRODUCT_DEFINITION_CONTEXT('part definition',#2603,'design');
#2599=PRODUCT_DEFINITION('AMount','AMount v6',#2600,
#2598);
#2600=PRODUCT_DEFINITION_FORMATION('',$,#2605);
#2601=PRODUCT_RELATED_PRODUCT_CATEGORY('AMount v6',
'AMount v6',(#2605));
#2602=APPLICATION_PROTOCOL_DEFINITION('international standard',
'automotive_design',2009,#2603);
#2603=APPLICATION_CONTEXT(
'Core Data for Automotive Mechanical Design Process');
#2604=PRODUCT_CONTEXT('part definition',#2603,'mechanical');
#2605=PRODUCT('AMount','AMount v6',$,(#2604));
#2606=PRESENTATION_STYLE_ASSIGNMENT((#2607));
#2607=SURFACE_STYLE_USAGE(.BOTH.,#2608);
#2608=SURFACE_SIDE_STYLE('',(#2609));
#2609=SURFACE_STYLE_FILL_AREA(#2610);
#2610=FILL_AREA_STYLE('Steel - Satin',(#2611));
#2611=FILL_AREA_STYLE_COLOUR('Steel - Satin',#2612);
#2612=COLOUR_RGB('Steel - Satin',0.627450980392157,0.627450980392157,0.627450980392157);
ENDSEC;
END-ISO-10303-21;
